customer_id,signup_date,region,customer_segment
1,2023-08-17,London,Consumer
2,2024-05-16,West Midlands,Consumer
3,2023-07-29,North East,Consumer
4,2023-06-28,Wales,Consumer
5,2023-03-03,South East,Consumer
6,2025-10-31,Wales,Consumer
7,2024-02-12,North East,Consumer
8,2025-05-09,West Midlands,Consumer
9,2024-07-23,London,Consumer
10,2023-11-23,South West,Consumer
11,2023-11-15,West Midlands,Small Business
12,2024-11-20,South East,Consumer
13,2023-07-18,Yorkshire,Small Business
14,2024-06-25,London,Consumer
15,2023-09-13,South West,Consumer
16,2024-08-23,North East,Consumer
17,2025-01-10,Wales,Consumer
18,2023-05-23,London,Consumer
19,2024-08-15,South East,Small Business
20,2023-07-26,South West,Consumer
21,2025-01-17,East of England,Consumer
22,2024-03-05,North East,Consumer
23,2023-05-27,Wales,Consumer
24,2025-12-29,West Midlands,Consumer
25,2025-02-16,North West,Small Business
26,2024-03-25,North East,Consumer
27,2023-04-25,West Midlands,Small Business
28,2024-10-08,South West,Consumer
29,2024-03-08,Wales,Small Business
30,2024-10-06,West Midlands,Consumer
31,2025-03-21,North East,Consumer
32,2024-06-26,East of England,Consumer
33,2024-06-22,Wales,Consumer
34,2025-03-28,Yorkshire,Consumer
35,2023-10-11,Scotland,Consumer
36,2023-04-07,South East,Consumer
37,2023-11-24,North East,Consumer
38,2023-05-11,South West,Consumer
39,2025-08-16,Scotland,Consumer
40,2023-01-24,North East,Consumer
41,2024-06-30,North East,Consumer
42,2024-08-24,South West,Consumer
43,2023-01-07,North West,Small Business
44,2024-01-01,Scotland,Small Business
45,2024-09-03,North East,Consumer
46,2024-02-12,East of England,Consumer
47,2023-11-27,Scotland,Small Business
48,2025-12-22,London,Consumer
49,2025-09-27,London,Consumer
50,2025-01-13,North West,Consumer
51,2024-05-08,Wales,Small Business
52,2023-06-25,East Midlands,Consumer
53,2025-12-26,East of England,Consumer
54,2025-08-31,Scotland,Consumer
55,2025-12-16,Wales,Consumer
56,2024-03-09,Scotland,Consumer
57,2024-02-16,North West,Consumer
58,2025-02-03,East Midlands,Small Business
59,2025-07-13,South East,Consumer
60,2023-05-12,Yorkshire,Consumer
61,2024-04-16,Wales,Consumer
62,2023-05-26,North East,Consumer
63,2023-05-19,London,Small Business
64,2023-05-26,Scotland,Consumer
65,2025-09-21,West Midlands,Consumer
66,2025-08-26,West Midlands,Consumer
67,2025-04-13,West Midlands,Consumer
68,2025-06-01,Yorkshire,Consumer
69,2025-08-14,London,Consumer
70,2023-07-21,London,Consumer
71,2024-11-25,South East,Consumer
72,2024-01-25,Scotland,Consumer
73,2025-05-14,East of England,Consumer
74,2024-05-26,South East,Consumer
75,2023-07-20,London,Consumer
76,2023-01-31,South East,Small Business
77,2024-04-29,East of England,Consumer
78,2025-09-12,West Midlands,Small Business
79,2023-05-01,East of England,Consumer
80,2025-03-10,North West,Small Business
81,2025-07-20,North West,Consumer
82,2025-09-23,East of England,Consumer
83,2024-03-21,London,Consumer
84,2023-05-05,Yorkshire,Consumer
85,2025-09-03,Scotland,Small Business
86,2025-12-23,East of England,Consumer
87,2025-11-06,South East,Small Business
88,2023-05-21,Wales,Consumer
89,2024-04-26,South West,Consumer
90,2024-05-19,Wales,Consumer
91,2023-06-17,South West,Consumer
92,2025-12-06,Yorkshire,Small Business
93,2024-02-23,North East,Consumer
94,2024-05-03,North West,Consumer
95,2024-09-06,East Midlands,Consumer
96,2023-05-29,London,Consumer
97,2023-07-24,South East,Consumer
98,2025-11-02,North West,Consumer
99,2024-12-15,South East,Small Business
100,2025-01-26,North West,Consumer
101,2024-09-11,Wales,Small Business
102,2025-12-19,London,Consumer
103,2024-09-05,North East,Consumer
104,2023-10-03,North West,Consumer
105,2023-08-08,Scotland,Consumer
106,2024-07-31,Wales,Consumer
107,2024-12-03,West Midlands,Consumer
108,2024-06-24,Scotland,Consumer
109,2023-04-15,South East,Consumer
110,2024-07-20,London,Consumer
111,2023-09-25,North East,Small Business
112,2023-11-27,East Midlands,Consumer
113,2025-05-25,Scotland,Consumer
114,2023-06-04,East of England,Consumer
115,2025-01-26,Wales,Consumer
116,2025-05-30,East of England,Consumer
117,2025-01-16,London,Small Business
118,2024-03-06,North East,Consumer
119,2023-07-30,Yorkshire,Consumer
120,2025-04-12,Wales,Consumer
121,2024-04-29,East of England,Small Business
122,2023-12-29,South West,Consumer
123,2024-11-11,South West,Consumer
124,2024-05-23,North West,Consumer
125,2023-08-10,South West,Small Business
126,2025-08-21,West Midlands,Consumer
127,2025-07-31,Yorkshire,Consumer
128,2024-04-11,West Midlands,Consumer
129,2024-01-31,South West,Consumer
130,2023-05-23,North West,Consumer
131,2025-11-09,South West,Consumer
132,2024-11-09,London,Consumer
133,2024-06-18,East of England,Consumer
134,2024-06-27,London,Consumer
135,2025-06-08,Yorkshire,Consumer
136,2024-10-04,South West,Consumer
137,2025-11-13,South East,Consumer
138,2024-01-25,North West,Consumer
139,2025-06-12,London,Consumer
140,2024-02-08,Yorkshire,Consumer
141,2024-11-07,Wales,Consumer
142,2023-09-13,North West,Consumer
143,2025-04-16,Yorkshire,Consumer
144,2024-08-28,Scotland,Consumer
145,2025-05-11,North East,Small Business
146,2023-12-23,Wales,Consumer
147,2025-04-11,Scotland,Small Business
148,2024-09-14,North West,Consumer
149,2024-10-21,East Midlands,Consumer
150,2024-03-13,Scotland,Consumer
151,2023-12-14,North East,Consumer
152,2025-11-21,North East,Consumer
153,2024-11-17,South East,Consumer
154,2024-04-26,North East,Consumer
155,2024-02-12,East of England,Consumer
156,2024-05-16,East Midlands,Consumer
157,2023-05-30,East Midlands,Consumer
158,2024-02-03,South West,Consumer
159,2024-05-14,East of England,Consumer
160,2023-01-12,South East,Consumer
161,2024-03-24,East of England,Consumer
162,2025-11-26,East Midlands,Consumer
163,2024-05-25,South East,Consumer
164,2025-08-09,North East,Consumer
165,2024-10-11,East Midlands,Consumer
166,2025-10-30,South West,Small Business
167,2025-07-02,East of England,Consumer
168,2025-08-30,East Midlands,Consumer
169,2024-05-21,North East,Consumer
170,2025-12-03,East Midlands,Consumer
171,2024-07-16,East Midlands,Consumer
172,2024-08-08,West Midlands,Consumer
173,2024-10-16,Scotland,Consumer
174,2023-11-05,West Midlands,Consumer
175,2023-11-09,West Midlands,Consumer
176,2025-04-14,Yorkshire,Consumer
177,2025-05-01,London,Consumer
178,2025-05-10,South West,Small Business
179,2023-02-10,Wales,Consumer
180,2023-01-13,Yorkshire,Consumer
181,2025-03-09,South West,Consumer
182,2024-03-27,East Midlands,Consumer
183,2025-06-11,East Midlands,Consumer
184,2024-11-19,North East,Consumer
185,2025-04-08,East of England,Small Business
186,2023-09-19,Wales,Consumer
187,2025-03-17,Wales,Consumer
188,2023-02-25,South East,Consumer
189,2023-10-05,East Midlands,Consumer
190,2024-06-16,South West,Consumer
191,2025-07-20,Yorkshire,Consumer
192,2025-02-15,North West,Consumer
193,2025-05-13,North West,Small Business
194,2025-08-21,London,Consumer
195,2023-04-17,Yorkshire,Consumer
196,2023-05-21,North East,Consumer
197,2023-03-05,West Midlands,Consumer
198,2023-02-11,Wales,Consumer
199,2023-09-16,East Midlands,Consumer
200,2024-03-22,East Midlands,Consumer
201,2025-01-25,East of England,Consumer
202,2023-08-23,East of England,Small Business
203,2023-08-10,Wales,Consumer
204,2024-09-30,Wales,Consumer
205,2025-02-07,South West,Small Business
206,2024-02-11,South East,Consumer
207,2024-05-12,South East,Consumer
208,2024-09-09,North East,Consumer
209,2023-09-05,Wales,Consumer
210,2024-12-12,Scotland,Consumer
211,2025-01-28,South East,Consumer
212,2024-11-29,London,Small Business
213,2025-09-30,South East,Consumer
214,2025-01-11,North East,Small Business
215,2025-07-30,East of England,Consumer
216,2025-12-04,North East,Consumer
217,2025-09-17,East Midlands,Consumer
218,2024-07-03,Yorkshire,Small Business
219,2023-06-27,North West,Small Business
220,2024-05-14,East Midlands,Consumer
221,2025-02-15,Yorkshire,Consumer
222,2024-10-27,East of England,Consumer
223,2024-12-27,North West,Consumer
224,2024-07-19,Scotland,Consumer
225,2024-01-27,South East,Consumer
226,2025-04-12,East Midlands,Consumer
227,2024-05-07,East Midlands,Consumer
228,2025-10-02,East Midlands,Consumer
229,2023-07-10,North West,Consumer
230,2024-05-13,North West,Consumer
231,2025-01-25,East Midlands,Consumer
232,2024-12-05,South West,Small Business
233,2024-11-08,Yorkshire,Consumer
234,2024-07-08,North West,Consumer
235,2023-09-05,West Midlands,Consumer
236,2024-01-15,West Midlands,Consumer
237,2025-09-18,North West,Consumer
238,2025-12-10,Wales,Consumer
239,2023-07-25,West Midlands,Consumer
240,2025-01-09,East of England,Consumer
241,2025-12-29,East of England,Consumer
242,2023-04-22,Scotland,Consumer
243,2023-09-16,North East,Small Business
244,2025-10-02,South East,Small Business
245,2024-08-05,East Midlands,Consumer
246,2024-11-28,East of England,Small Business
247,2024-06-01,East Midlands,Consumer
248,2023-05-14,South West,Consumer
249,2023-04-20,East of England,Consumer
250,2024-09-14,South East,Small Business
251,2023-08-31,Scotland,Consumer
252,2024-04-07,Scotland,Consumer
253,2025-06-25,North West,Small Business
254,2025-05-28,North West,Consumer
255,2023-05-04,Wales,Small Business
256,2023-07-23,West Midlands,Consumer
257,2024-06-25,North East,Consumer
258,2024-05-06,East of England,Consumer
259,2023-11-17,London,Consumer
260,2025-08-20,North West,Consumer
261,2024-08-13,North West,Consumer
262,2025-07-18,South East,Consumer
263,2024-06-25,North East,Consumer
264,2024-02-10,South West,Consumer
265,2024-04-05,North East,Consumer
266,2024-06-28,East of England,Consumer
267,2023-12-06,North West,Consumer
268,2024-08-14,East Midlands,Consumer
269,2024-09-14,South West,Small Business
270,2025-10-21,Scotland,Consumer
271,2023-06-14,Wales,Consumer
272,2025-06-03,Yorkshire,Consumer
273,2023-02-22,South East,Consumer
274,2023-02-12,North East,Small Business
275,2023-03-24,East of England,Consumer
276,2025-06-24,North West,Consumer
277,2025-06-11,North East,Consumer
278,2023-07-06,East Midlands,Consumer
279,2024-11-13,Yorkshire,Consumer
280,2023-11-26,Yorkshire,Consumer
281,2025-10-11,North West,Consumer
282,2025-03-31,Scotland,Consumer
283,2023-06-30,Yorkshire,Consumer
284,2023-08-26,South West,Small Business
285,2023-01-03,North East,Small Business
286,2025-08-04,South West,Consumer
287,2025-11-27,Yorkshire,Consumer
288,2025-10-17,North East,Consumer
289,2023-04-16,West Midlands,Consumer
290,2023-09-26,North West,Consumer
291,2025-09-19,South East,Consumer
292,2024-05-05,East of England,Consumer
293,2023-01-29,Scotland,Consumer
294,2024-04-05,South East,Consumer
295,2023-08-29,North East,Small Business
296,2025-10-17,North West,Consumer
297,2024-07-13,South West,Small Business
298,2025-08-25,West Midlands,Consumer
299,2023-10-24,South West,Consumer
300,2025-11-06,East of England,Small Business
301,2024-07-19,South West,Consumer
302,2025-11-05,North West,Small Business
303,2024-08-02,North West,Small Business
304,2025-09-29,East of England,Consumer
305,2025-09-18,Yorkshire,Consumer
306,2025-02-11,East Midlands,Small Business
307,2024-01-22,West Midlands,Consumer
308,2024-04-23,South West,Consumer
309,2025-08-26,South West,Consumer
310,2023-11-08,East Midlands,Small Business
311,2023-09-16,Scotland,Small Business
312,2024-11-10,South East,Small Business
313,2025-06-20,South East,Consumer
314,2025-07-24,London,Consumer
315,2025-04-19,North East,Small Business
316,2023-06-03,East Midlands,Consumer
317,2024-06-26,Yorkshire,Consumer
318,2025-03-25,North East,Consumer
319,2024-11-03,North East,Small Business
320,2025-02-17,Yorkshire,Consumer
321,2025-09-26,Scotland,Consumer
322,2023-05-21,West Midlands,Consumer
323,2024-08-11,West Midlands,Consumer
324,2025-06-07,South East,Consumer
325,2023-07-25,East Midlands,Consumer
326,2024-09-05,London,Consumer
327,2023-04-25,North West,Consumer
328,2025-06-01,East of England,Consumer
329,2025-04-23,Wales,Consumer
330,2024-01-04,East of England,Consumer
331,2025-02-22,Wales,Consumer
332,2025-10-16,Wales,Consumer
333,2025-08-02,North East,Consumer
334,2024-06-06,North East,Consumer
335,2025-08-10,North West,Consumer
336,2023-11-20,South East,Consumer
337,2024-12-08,Wales,Consumer
338,2025-05-18,North West,Consumer
339,2024-09-10,West Midlands,Small Business
340,2025-09-16,South East,Consumer
341,2025-01-05,Wales,Consumer
342,2024-08-27,London,Small Business
343,2025-03-21,North West,Consumer
344,2023-04-11,Wales,Consumer
345,2024-08-09,West Midlands,Consumer
346,2024-12-22,West Midlands,Consumer
347,2024-05-28,North East,Consumer
348,2023-10-08,North East,Consumer
349,2023-03-22,North West,Consumer
350,2023-03-10,Wales,Consumer
351,2023-09-27,South East,Small Business
352,2024-10-31,South West,Consumer
353,2023-09-28,Scotland,Small Business
354,2025-01-19,Scotland,Consumer
355,2024-07-12,East of England,Consumer
356,2025-09-13,North West,Consumer
357,2024-11-24,South East,Consumer
358,2023-06-04,East of England,Consumer
359,2024-04-07,North East,Consumer
360,2025-03-24,Scotland,Consumer
361,2025-03-19,London,Consumer
362,2023-09-11,East Midlands,Consumer
363,2024-06-20,Wales,Consumer
364,2025-01-30,South East,Consumer
365,2025-08-23,London,Consumer
366,2024-11-02,Wales,Consumer
367,2023-05-10,North East,Small Business
368,2024-09-10,North East,Consumer
369,2023-10-14,London,Small Business
370,2024-09-15,East Midlands,Consumer
371,2024-04-25,Scotland,Consumer
372,2025-07-18,Yorkshire,Consumer
373,2025-05-08,Wales,Consumer
374,2023-11-13,South West,Consumer
375,2025-09-29,Wales,Consumer
376,2024-07-26,London,Consumer
377,2024-03-20,East Midlands,Consumer
378,2024-04-28,Yorkshire,Consumer
379,2025-01-22,Scotland,Small Business
380,2025-01-04,London,Consumer
381,2024-01-24,South East,Small Business
382,2025-07-20,South East,Consumer
383,2023-02-13,London,Consumer
384,2024-05-13,East of England,Consumer
385,2024-02-25,South East,Small Business
386,2024-02-29,Wales,Consumer
387,2024-04-22,Yorkshire,Consumer
388,2023-01-06,North West,Small Business
389,2023-10-24,East of England,Consumer
390,2023-12-24,South East,Consumer
391,2023-02-22,East of England,Consumer
392,2024-05-02,Wales,Consumer
393,2023-12-23,North West,Consumer
394,2025-05-12,Scotland,Consumer
395,2023-05-11,East Midlands,Consumer
396,2025-01-11,Scotland,Consumer
397,2025-07-14,Scotland,Consumer
398,2023-03-30,North East,Consumer
399,2025-07-27,North East,Small Business
400,2023-05-05,East Midlands,Small Business
401,2025-05-23,North East,Consumer
402,2025-06-27,South East,Small Business
403,2024-10-21,Wales,Consumer
404,2023-09-16,North West,Consumer
405,2024-10-27,South West,Small Business
406,2025-12-22,North West,Consumer
407,2025-05-31,South East,Consumer
408,2023-08-23,North East,Consumer
409,2024-03-16,South West,Consumer
410,2024-04-12,South West,Consumer
411,2025-07-17,South West,Consumer
412,2023-07-14,Yorkshire,Consumer
413,2024-06-06,Yorkshire,Small Business
414,2025-08-29,South East,Consumer
415,2023-06-24,South East,Consumer
416,2025-02-02,East of England,Consumer
417,2024-11-06,North East,Consumer
418,2024-12-25,North East,Small Business
419,2025-05-16,London,Small Business
420,2024-10-01,Yorkshire,Consumer
421,2025-11-05,West Midlands,Consumer
422,2025-09-14,West Midlands,Small Business
423,2024-12-18,Scotland,Consumer
424,2024-07-24,Wales,Consumer
425,2025-05-28,Scotland,Small Business
426,2023-02-23,Wales,Small Business
427,2024-07-01,London,Consumer
428,2024-09-24,Yorkshire,Consumer
429,2024-01-07,East of England,Consumer
430,2025-03-31,South East,Consumer
431,2023-03-04,South East,Consumer
432,2024-03-16,South West,Consumer
433,2024-11-29,East of England,Consumer
434,2024-10-26,Wales,Consumer
435,2023-04-18,East of England,Consumer
436,2023-04-12,North East,Consumer
437,2025-06-26,North East,Consumer
438,2025-06-24,South West,Consumer
439,2025-11-15,South East,Consumer
440,2023-08-16,North West,Consumer
441,2025-09-23,Scotland,Consumer
442,2023-04-04,West Midlands,Consumer
443,2023-04-23,London,Consumer
444,2024-03-08,East of England,Consumer
445,2024-08-15,Yorkshire,Consumer
446,2025-10-15,South West,Consumer
447,2025-02-17,Scotland,Consumer
448,2025-10-21,Scotland,Small Business
449,2024-12-26,South East,Consumer
450,2023-03-28,South West,Consumer
451,2023-06-09,Yorkshire,Consumer
452,2025-04-08,North East,Consumer
453,2023-08-24,South West,Consumer
454,2024-10-27,East of England,Consumer
455,2025-07-31,Yorkshire,Consumer
456,2023-08-05,West Midlands,Consumer
457,2025-03-31,Scotland,Consumer
458,2024-09-27,Yorkshire,Consumer
459,2023-12-11,South East,Consumer
460,2023-08-22,Scotland,Consumer
461,2024-12-16,Yorkshire,Consumer
462,2023-10-30,West Midlands,Consumer
463,2024-06-08,West Midlands,Consumer
464,2023-11-10,North East,Consumer
465,2025-10-08,East Midlands,Consumer
466,2025-07-08,North East,Small Business
467,2024-10-23,North East,Consumer
468,2025-06-19,South East,Consumer
469,2024-09-12,North West,Consumer
470,2024-12-21,Scotland,Consumer
471,2025-08-03,East Midlands,Consumer
472,2025-01-25,North West,Consumer
473,2023-07-04,Wales,Consumer
474,2025-02-26,East Midlands,Consumer
475,2023-03-26,East Midlands,Small Business
476,2024-01-21,Yorkshire,Consumer
477,2025-10-23,East of England,Small Business
478,2025-07-11,South East,Consumer
479,2024-12-04,South East,Consumer
480,2023-12-20,London,Consumer
481,2025-06-15,East Midlands,Consumer
482,2023-11-22,Yorkshire,Consumer
483,2024-08-02,South West,Consumer
484,2024-11-23,North East,Consumer
485,2024-11-16,South East,Consumer
486,2025-03-02,North West,Consumer
487,2023-11-04,Yorkshire,Consumer
488,2023-10-17,Yorkshire,Consumer
489,2025-03-13,East of England,Consumer
490,2023-06-23,North West,Consumer
491,2024-11-03,East of England,Consumer
492,2025-12-14,South East,Consumer
493,2025-05-17,Scotland,Consumer
494,2025-01-12,North West,Consumer
495,2024-03-14,Yorkshire,Small Business
496,2025-09-22,West Midlands,Consumer
497,2023-10-09,East of England,Consumer
498,2023-07-27,Scotland,Consumer
499,2025-12-14,London,Consumer
500,2023-09-26,Wales,Consumer
501,2023-11-29,East of England,Small Business
502,2023-12-06,East Midlands,Consumer
503,2025-01-16,North East,Consumer
504,2025-06-28,Wales,Consumer
505,2025-07-08,West Midlands,Consumer
506,2024-09-25,East Midlands,Small Business
507,2024-02-02,Yorkshire,Consumer
508,2025-06-21,East Midlands,Consumer
509,2025-02-21,Scotland,Consumer
510,2023-11-28,West Midlands,Consumer
511,2023-10-11,North West,Consumer
512,2025-09-11,Yorkshire,Consumer
513,2023-07-30,Scotland,Small Business
514,2024-08-06,South East,Consumer
515,2024-07-12,East Midlands,Small Business
516,2023-10-29,South West,Consumer
517,2024-03-30,East Midlands,Small Business
518,2023-02-24,South West,Consumer
519,2025-10-25,Yorkshire,Consumer
520,2023-06-17,Yorkshire,Consumer
521,2024-10-14,South East,Small Business
522,2024-11-17,East of England,Consumer
523,2024-08-10,East Midlands,Consumer
524,2023-10-12,East Midlands,Consumer
525,2023-01-11,South East,Consumer
526,2024-03-17,East of England,Consumer
527,2025-12-16,South West,Consumer
528,2024-08-13,West Midlands,Consumer
529,2023-04-08,West Midlands,Consumer
530,2025-07-25,South East,Consumer
531,2025-10-20,Wales,Consumer
532,2025-11-21,Wales,Consumer
533,2023-10-22,North West,Consumer
534,2024-12-23,West Midlands,Consumer
535,2024-01-19,North East,Consumer
536,2025-12-08,Yorkshire,Consumer
537,2025-12-13,Scotland,Consumer
538,2025-11-05,Scotland,Consumer
539,2025-08-20,London,Consumer
540,2025-02-03,North West,Consumer
541,2025-01-01,South East,Consumer
542,2023-08-01,Wales,Consumer
543,2024-11-11,East of England,Consumer
544,2024-11-24,North East,Consumer
545,2025-08-09,East Midlands,Consumer
546,2023-10-04,South East,Consumer
547,2025-07-26,London,Consumer
548,2023-03-31,West Midlands,Small Business
549,2024-10-08,North West,Consumer
550,2025-08-27,North West,Consumer
551,2024-01-27,North West,Consumer
552,2023-04-08,North East,Consumer
553,2023-09-12,Yorkshire,Consumer
554,2025-03-30,East Midlands,Small Business
555,2025-03-02,Yorkshire,Small Business
556,2025-10-13,East Midlands,Consumer
557,2025-11-29,North West,Consumer
558,2025-05-19,South East,Consumer
559,2024-01-05,Scotland,Consumer
560,2023-07-30,South East,Consumer
561,2024-08-28,North West,Consumer
562,2025-05-22,East of England,Consumer
563,2024-12-20,East Midlands,Consumer
564,2024-12-23,Wales,Small Business
565,2024-07-16,North East,Small Business
566,2023-04-28,South East,Consumer
567,2025-04-11,Yorkshire,Consumer
568,2023-11-24,London,Consumer
569,2025-06-16,London,Consumer
570,2024-04-28,North East,Consumer
571,2025-02-23,Wales,Consumer
572,2023-11-11,North East,Consumer
573,2025-01-29,Yorkshire,Consumer
574,2023-06-07,Wales,Consumer
575,2025-01-21,South West,Consumer
576,2024-07-24,West Midlands,Small Business
577,2023-02-23,East of England,Consumer
578,2025-03-03,Scotland,Consumer
579,2024-06-17,East Midlands,Consumer
580,2024-08-07,East Midlands,Consumer
581,2023-10-05,South East,Consumer
582,2025-06-30,South East,Consumer
583,2024-10-16,North East,Consumer
584,2023-05-13,Scotland,Consumer
585,2024-09-06,East of England,Consumer
586,2023-12-23,Yorkshire,Consumer
587,2023-09-06,West Midlands,Consumer
588,2024-04-29,East Midlands,Consumer
589,2025-01-25,East Midlands,Consumer
590,2023-09-23,Wales,Small Business
591,2023-05-15,North West,Consumer
592,2025-09-07,Scotland,Consumer
593,2025-04-18,Wales,Consumer
594,2024-10-11,North East,Consumer
595,2025-08-12,North East,Consumer
596,2023-09-20,Scotland,Consumer
597,2024-01-08,East of England,Consumer
598,2023-04-24,South East,Consumer
599,2024-09-14,East of England,Consumer
600,2024-04-06,Yorkshire,Small Business
601,2025-11-28,North West,Small Business
602,2024-05-28,West Midlands,Consumer
603,2024-07-16,East of England,Consumer
604,2025-12-28,South East,Consumer
605,2023-12-12,Wales,Small Business
606,2023-11-12,East of England,Consumer
607,2024-11-22,Wales,Consumer
608,2023-02-28,South East,Consumer
609,2024-06-26,North East,Consumer
610,2025-05-03,Wales,Consumer
611,2025-10-16,North East,Consumer
612,2024-09-10,East Midlands,Consumer
613,2025-04-11,North West,Consumer
614,2023-05-03,East of England,Consumer
615,2025-09-18,East Midlands,Consumer
616,2023-10-22,Yorkshire,Small Business
617,2024-10-15,Yorkshire,Small Business
618,2023-09-25,Yorkshire,Consumer
619,2023-08-06,Yorkshire,Consumer
620,2023-09-08,North West,Consumer
621,2023-10-16,South East,Consumer
622,2025-02-25,Wales,Consumer
623,2023-11-24,Yorkshire,Small Business
624,2024-10-02,West Midlands,Consumer
625,2025-10-17,Scotland,Consumer
626,2024-09-23,East Midlands,Consumer
627,2025-03-16,Scotland,Consumer
628,2024-05-08,West Midlands,Consumer
629,2023-04-10,London,Consumer
630,2025-08-21,North West,Consumer
631,2023-08-09,South West,Consumer
632,2024-06-25,Yorkshire,Consumer
633,2025-01-19,London,Consumer
634,2024-02-03,Yorkshire,Consumer
635,2023-05-31,South West,Consumer
636,2024-07-26,Wales,Consumer
637,2023-09-01,East of England,Small Business
638,2025-03-17,Yorkshire,Consumer
639,2024-11-25,Scotland,Small Business
640,2023-10-23,West Midlands,Consumer
641,2025-04-02,Scotland,Consumer
642,2023-03-21,East of England,Consumer
643,2025-08-28,Scotland,Consumer
644,2025-11-21,East of England,Consumer
645,2024-10-14,East of England,Consumer
646,2024-09-04,Wales,Consumer
647,2025-11-09,Scotland,Consumer
648,2024-09-05,East Midlands,Consumer
649,2025-01-24,Yorkshire,Consumer
650,2025-05-03,Wales,Consumer
651,2023-02-24,Wales,Consumer
652,2024-04-11,London,Consumer
653,2023-12-16,Scotland,Consumer
654,2025-02-17,East of England,Small Business
655,2024-05-11,London,Consumer
656,2023-08-14,West Midlands,Consumer
657,2024-10-04,South West,Consumer
658,2024-02-22,South West,Consumer
659,2025-08-23,London,Consumer
660,2025-11-28,West Midlands,Consumer
661,2025-09-06,Scotland,Consumer
662,2023-12-21,East Midlands,Small Business
663,2024-12-02,Scotland,Consumer
664,2024-06-25,Wales,Consumer
665,2024-05-19,North West,Consumer
666,2024-04-05,North West,Consumer
667,2024-02-29,East Midlands,Consumer
668,2024-12-15,Scotland,Small Business
669,2024-07-14,North West,Consumer
670,2025-02-16,South West,Consumer
671,2023-10-27,North West,Consumer
672,2023-06-11,Yorkshire,Small Business
673,2024-06-09,East Midlands,Consumer
674,2024-07-09,Scotland,Consumer
675,2023-10-09,South East,Consumer
676,2024-05-05,West Midlands,Consumer
677,2025-12-23,West Midlands,Consumer
678,2023-04-18,South East,Consumer
679,2025-08-25,South East,Consumer
680,2023-10-09,London,Small Business
681,2023-11-20,South West,Consumer
682,2025-09-01,East Midlands,Consumer
683,2024-08-11,Yorkshire,Consumer
684,2023-05-02,South East,Consumer
685,2024-04-20,Scotland,Consumer
686,2023-03-18,East of England,Consumer
687,2023-12-27,London,Small Business
688,2025-03-24,East Midlands,Consumer
689,2024-08-15,London,Consumer
690,2023-08-08,Yorkshire,Consumer
691,2025-12-09,East Midlands,Small Business
692,2023-10-02,Scotland,Consumer
693,2024-01-30,South East,Consumer
694,2025-07-28,North East,Consumer
695,2024-01-17,London,Consumer
696,2024-08-27,Wales,Consumer
697,2024-01-31,East of England,Consumer
698,2025-04-10,South West,Consumer
699,2023-06-27,South West,Consumer
700,2024-01-14,East of England,Consumer
701,2024-05-23,London,Consumer
702,2024-04-27,East Midlands,Consumer
703,2024-11-06,North West,Consumer
704,2023-01-24,North West,Consumer
705,2024-04-28,London,Consumer
706,2025-08-11,North West,Consumer
707,2025-10-26,North West,Consumer
708,2024-08-27,Yorkshire,Consumer
709,2024-03-24,East of England,Consumer
710,2025-07-20,Wales,Consumer
711,2025-08-22,Scotland,Consumer
712,2024-03-23,West Midlands,Consumer
713,2023-06-17,Scotland,Consumer
714,2025-01-10,South East,Small Business
715,2023-08-18,London,Small Business
716,2025-11-01,West Midlands,Consumer
717,2023-11-03,East of England,Consumer
718,2025-12-01,East Midlands,Consumer
719,2024-02-25,Wales,Consumer
720,2025-11-11,East Midlands,Consumer
721,2025-07-17,East of England,Consumer
722,2025-07-24,Wales,Consumer
723,2025-08-04,North East,Consumer
724,2023-02-14,South West,Consumer
725,2023-01-07,West Midlands,Consumer
726,2023-04-03,South West,Consumer
727,2023-05-11,Scotland,Small Business
728,2023-05-22,East Midlands,Consumer
729,2025-04-17,East of England,Consumer
730,2025-05-10,Yorkshire,Small Business
731,2025-02-22,East Midlands,Small Business
732,2025-02-12,South West,Consumer
733,2023-09-30,North East,Small Business
734,2023-08-31,East of England,Small Business
735,2025-03-15,Scotland,Consumer
736,2024-04-01,London,Consumer
737,2024-09-03,East Midlands,Consumer
738,2025-05-18,Scotland,Consumer
739,2024-04-15,West Midlands,Consumer
740,2023-11-14,North West,Consumer
741,2023-08-20,London,Consumer
742,2025-05-08,Wales,Consumer
743,2023-02-02,West Midlands,Consumer
744,2023-07-26,Wales,Consumer
745,2023-04-10,West Midlands,Consumer
746,2025-04-03,East Midlands,Consumer
747,2024-03-20,London,Consumer
748,2024-08-15,West Midlands,Consumer
749,2024-10-15,Wales,Consumer
750,2024-10-18,West Midlands,Consumer
751,2023-10-21,North East,Consumer
752,2025-04-26,North West,Consumer
753,2023-12-25,North East,Consumer
754,2025-10-12,London,Small Business
755,2025-02-19,Scotland,Consumer
756,2025-05-02,South West,Consumer
757,2025-02-09,East of England,Consumer
758,2025-08-27,West Midlands,Small Business
759,2024-09-07,East of England,Consumer
760,2023-04-29,Scotland,Consumer
761,2025-05-03,Scotland,Consumer
762,2025-03-06,West Midlands,Consumer
763,2024-11-07,North East,Consumer
764,2025-07-10,Yorkshire,Consumer
765,2024-01-26,London,Consumer
766,2023-03-22,South East,Consumer
767,2024-03-20,East Midlands,Consumer
768,2024-11-12,North West,Small Business
769,2023-02-01,West Midlands,Small Business
770,2023-08-29,East Midlands,Small Business
771,2024-02-23,South West,Small Business
772,2024-10-20,North West,Consumer
773,2025-12-28,North East,Consumer
774,2024-06-19,Yorkshire,Consumer
775,2025-10-15,East Midlands,Consumer
776,2025-08-19,Yorkshire,Small Business
777,2025-01-29,Yorkshire,Consumer
778,2024-03-29,East of England,Consumer
779,2025-05-05,North West,Consumer
780,2024-11-06,West Midlands,Consumer
781,2024-05-18,East Midlands,Consumer
782,2024-11-22,North West,Consumer
783,2025-09-27,North East,Consumer
784,2025-08-01,East of England,Consumer
785,2024-12-22,East of England,Consumer
786,2025-09-27,East of England,Small Business
787,2023-05-01,Scotland,Consumer
788,2023-06-02,North East,Consumer
789,2023-01-14,South West,Consumer
790,2024-04-18,South East,Consumer
791,2023-01-19,West Midlands,Consumer
792,2025-02-03,London,Consumer
793,2025-09-16,North East,Consumer
794,2023-01-14,Scotland,Consumer
795,2023-01-25,London,Consumer
796,2024-07-16,Scotland,Small Business
797,2023-02-05,Scotland,Consumer
798,2025-05-31,East of England,Consumer
799,2023-07-17,Scotland,Consumer
800,2024-01-29,Wales,Consumer
801,2024-12-26,North West,Consumer
802,2023-06-11,Yorkshire,Small Business
803,2025-07-29,Wales,Consumer
804,2024-04-07,North West,Consumer
805,2023-06-15,North East,Small Business
806,2023-03-06,South East,Consumer
807,2025-02-11,Scotland,Consumer
808,2023-01-20,East of England,Consumer
809,2025-06-07,North East,Consumer
810,2023-07-15,Scotland,Small Business
811,2024-04-15,West Midlands,Small Business
812,2025-08-31,North West,Consumer
813,2023-06-02,North East,Small Business
814,2023-03-09,East of England,Small Business
815,2024-10-06,London,Small Business
816,2023-10-23,South West,Small Business
817,2024-09-04,East of England,Consumer
818,2025-03-07,North East,Small Business
819,2024-11-10,South West,Consumer
820,2023-10-14,South East,Consumer
821,2024-12-09,London,Consumer
822,2024-04-20,South East,Consumer
823,2025-03-23,Yorkshire,Consumer
824,2024-07-13,East Midlands,Consumer
825,2024-12-29,Scotland,Small Business
826,2025-06-03,East of England,Consumer
827,2025-02-17,South East,Consumer
828,2024-08-27,West Midlands,Consumer
829,2023-06-18,North West,Consumer
830,2023-11-12,South West,Consumer
831,2023-08-07,South East,Consumer
832,2024-09-23,East Midlands,Consumer
833,2024-07-06,South East,Consumer
834,2024-01-19,South West,Consumer
835,2025-11-15,South West,Consumer
836,2023-07-03,Yorkshire,Consumer
837,2024-10-26,South West,Consumer
838,2025-04-27,South West,Consumer
839,2024-05-12,Wales,Consumer
840,2025-02-18,East of England,Consumer
841,2024-09-08,North West,Consumer
842,2023-05-10,East of England,Consumer
843,2025-05-12,North West,Consumer
844,2023-06-07,Yorkshire,Consumer
845,2024-05-20,North East,Consumer
846,2024-02-05,East Midlands,Consumer
847,2024-09-15,London,Small Business
848,2024-11-11,Wales,Consumer
849,2024-11-05,East Midlands,Consumer
850,2023-10-06,North West,Consumer
851,2024-02-16,East Midlands,Consumer
852,2025-03-26,Yorkshire,Consumer
853,2025-10-02,Wales,Consumer
854,2024-10-29,South West,Consumer
855,2025-03-15,Yorkshire,Consumer
856,2024-02-14,Wales,Small Business
857,2024-01-04,North East,Consumer
858,2023-02-25,East Midlands,Small Business
859,2024-03-05,East Midlands,Consumer
860,2023-05-22,South West,Consumer
861,2023-10-13,North East,Consumer
862,2024-06-01,North East,Consumer
863,2025-05-16,South West,Consumer
864,2025-09-08,Wales,Consumer
865,2025-11-03,South West,Consumer
866,2025-01-06,Scotland,Consumer
867,2023-06-24,South East,Consumer
868,2024-12-28,East of England,Consumer
869,2023-04-01,Wales,Small Business
870,2025-03-29,Yorkshire,Small Business
871,2025-05-31,South East,Consumer
872,2024-06-13,West Midlands,Consumer
873,2025-11-28,Scotland,Consumer
874,2024-03-28,East Midlands,Consumer
875,2025-08-06,North East,Consumer
876,2025-10-21,East of England,Consumer
877,2023-02-20,East Midlands,Consumer
878,2025-05-01,South East,Consumer
879,2023-10-18,Yorkshire,Consumer
880,2025-07-21,West Midlands,Consumer
881,2024-12-14,East Midlands,Consumer
882,2025-07-15,Yorkshire,Consumer
883,2023-04-02,South East,Consumer
884,2024-12-03,North East,Consumer
885,2023-12-03,West Midlands,Consumer
886,2023-11-24,Yorkshire,Consumer
887,2025-08-04,West Midlands,Consumer
888,2024-01-13,East of England,Consumer
889,2025-06-04,South West,Consumer
890,2024-02-09,East Midlands,Consumer
891,2025-03-07,London,Consumer
892,2024-02-26,North West,Consumer
893,2023-05-09,Wales,Consumer
894,2024-01-18,Yorkshire,Consumer
895,2025-07-26,South East,Consumer
896,2025-09-29,Scotland,Small Business
897,2024-10-03,Wales,Consumer
898,2025-03-14,Wales,Consumer
899,2024-12-21,East Midlands,Consumer
900,2024-09-01,Wales,Consumer
901,2023-10-02,Yorkshire,Consumer
902,2024-09-17,South East,Consumer
903,2023-10-17,Scotland,Consumer
904,2023-10-10,Wales,Consumer
905,2024-01-16,East Midlands,Consumer
906,2023-12-21,Scotland,Consumer
907,2024-08-14,East of England,Consumer
908,2025-07-12,Wales,Consumer
909,2025-01-05,London,Consumer
910,2024-02-04,South West,Small Business
911,2025-11-01,North East,Consumer
912,2025-10-04,South West,Consumer
913,2025-06-28,East Midlands,Consumer
914,2023-03-05,West Midlands,Consumer
915,2024-07-16,West Midlands,Consumer
916,2023-12-11,East Midlands,Consumer
917,2025-10-11,Scotland,Consumer
918,2023-08-22,North West,Consumer
919,2025-01-21,Scotland,Small Business
920,2023-03-27,East Midlands,Consumer
921,2025-05-20,South East,Consumer
922,2024-05-21,North West,Small Business
923,2023-03-08,East Midlands,Consumer
924,2023-06-28,East Midlands,Small Business
925,2023-08-29,West Midlands,Consumer
926,2024-12-19,Wales,Consumer
927,2023-12-06,Wales,Consumer
928,2024-02-28,West Midlands,Consumer
929,2024-12-19,Scotland,Consumer
930,2023-12-11,Yorkshire,Small Business
931,2024-08-22,North West,Consumer
932,2025-11-19,North East,Consumer
933,2023-10-05,South West,Small Business
934,2024-07-21,North East,Consumer
935,2023-09-29,West Midlands,Consumer
936,2024-10-21,West Midlands,Consumer
937,2025-03-15,East Midlands,Consumer
938,2024-07-04,North East,Consumer
939,2025-07-14,South East,Consumer
940,2023-07-10,South West,Consumer
941,2024-07-23,Yorkshire,Consumer
942,2025-09-26,Yorkshire,Consumer
943,2023-07-10,East Midlands,Consumer
944,2025-01-03,South East,Consumer
945,2025-03-25,West Midlands,Small Business
946,2024-03-09,East Midlands,Consumer
947,2024-08-03,Yorkshire,Consumer
948,2023-09-25,Wales,Small Business
949,2024-12-04,North East,Consumer
950,2023-04-05,South East,Consumer
951,2025-07-30,London,Consumer
952,2023-11-20,East Midlands,Consumer
953,2025-05-26,West Midlands,Small Business
954,2023-09-28,North East,Consumer
955,2024-07-15,South East,Consumer
956,2024-05-27,South East,Consumer
957,2023-12-05,London,Consumer
958,2024-09-17,West Midlands,Consumer
959,2023-07-06,South East,Consumer
960,2025-09-03,South East,Consumer
961,2024-04-08,Scotland,Consumer
962,2023-01-20,London,Consumer
963,2023-09-04,South West,Consumer
964,2025-09-05,South East,Consumer
965,2023-07-02,South East,Consumer
966,2025-01-22,North West,Consumer
967,2023-09-30,North East,Small Business
968,2023-10-20,South East,Consumer
969,2023-01-18,Wales,Consumer
970,2025-06-20,Yorkshire,Consumer
971,2023-11-07,South West,Consumer
972,2025-06-25,West Midlands,Consumer
973,2023-07-25,East of England,Consumer
974,2025-02-25,Yorkshire,Small Business
975,2024-10-06,East of England,Consumer
976,2023-06-22,West Midlands,Consumer
977,2024-08-06,London,Small Business
978,2024-09-09,West Midlands,Consumer
979,2025-11-09,West Midlands,Consumer
980,2024-08-28,North East,Consumer
981,2024-05-05,East Midlands,Consumer
982,2024-05-08,East Midlands,Consumer
983,2023-05-26,Scotland,Small Business
984,2023-01-25,Yorkshire,Small Business
985,2023-09-28,South West,Small Business
986,2025-05-11,Yorkshire,Consumer
987,2023-12-20,East Midlands,Small Business
988,2023-05-30,London,Consumer
989,2023-01-29,North West,Consumer
990,2023-05-04,South West,Consumer
991,2025-10-23,South West,Consumer
992,2025-04-03,South East,Consumer
993,2023-11-09,North West,Consumer
994,2023-06-11,Scotland,Small Business
995,2023-11-15,Scotland,Consumer
996,2023-05-16,North West,Consumer
997,2024-05-03,London,Consumer
998,2025-06-08,South East,Consumer
999,2023-04-23,North West,Consumer
1000,2023-12-26,South East,Consumer
1001,2023-10-09,London,Consumer
1002,2024-12-11,Scotland,Consumer
1003,2024-06-14,East of England,Consumer
1004,2024-07-04,South East,Consumer
1005,2023-03-02,Yorkshire,Consumer
1006,2024-07-11,Scotland,Consumer
1007,2023-06-07,East Midlands,Consumer
1008,2025-01-07,London,Consumer
1009,2023-12-08,Yorkshire,Consumer
1010,2023-07-30,Wales,Consumer
1011,2023-08-25,West Midlands,Consumer
1012,2023-01-06,London,Small Business
1013,2023-01-26,West Midlands,Consumer
1014,2025-01-15,South West,Small Business
1015,2024-01-02,London,Consumer
1016,2025-05-08,West Midlands,Consumer
1017,2025-05-02,Yorkshire,Consumer
1018,2023-06-09,Wales,Consumer
1019,2025-10-25,North East,Small Business
1020,2024-01-03,West Midlands,Consumer
1021,2023-04-05,South West,Consumer
1022,2025-08-10,North West,Consumer
1023,2024-09-28,Yorkshire,Consumer
1024,2025-07-24,London,Consumer
1025,2024-08-20,Wales,Consumer
1026,2024-05-11,East Midlands,Consumer
1027,2025-10-07,West Midlands,Consumer
1028,2024-05-17,East of England,Consumer
1029,2025-04-19,London,Consumer
1030,2024-12-10,North East,Small Business
1031,2023-01-20,Yorkshire,Consumer
1032,2025-02-09,North West,Consumer
1033,2025-12-21,West Midlands,Consumer
1034,2023-05-03,East of England,Consumer
1035,2023-07-10,London,Small Business
1036,2025-11-30,South West,Consumer
1037,2025-02-01,East Midlands,Small Business
1038,2023-06-23,Wales,Consumer
1039,2023-10-01,North East,Consumer
1040,2023-06-03,Wales,Consumer
1041,2025-06-09,North East,Small Business
1042,2024-04-29,North West,Consumer
1043,2024-10-07,South West,Consumer
1044,2024-10-30,Yorkshire,Consumer
1045,2024-04-23,South East,Small Business
1046,2023-10-06,Wales,Consumer
1047,2023-08-05,East of England,Consumer
1048,2024-10-05,South West,Consumer
1049,2025-01-03,West Midlands,Consumer
1050,2025-08-06,North West,Small Business
1051,2023-07-05,East of England,Consumer
1052,2024-09-15,Wales,Consumer
1053,2024-11-02,East of England,Consumer
1054,2024-05-23,Yorkshire,Consumer
1055,2023-04-11,North East,Consumer
1056,2023-12-23,London,Small Business
1057,2025-07-15,Scotland,Consumer
1058,2024-05-26,South East,Consumer
1059,2023-10-14,South East,Consumer
1060,2024-03-31,East of England,Consumer
1061,2025-03-31,Yorkshire,Consumer
1062,2023-06-22,Wales,Consumer
1063,2023-06-03,London,Small Business
1064,2024-02-09,North East,Consumer
1065,2023-09-21,South East,Small Business
1066,2024-11-10,South East,Consumer
1067,2025-08-02,London,Consumer
1068,2025-06-06,South West,Consumer
1069,2025-02-22,North East,Consumer
1070,2024-12-25,West Midlands,Small Business
1071,2024-07-17,North West,Consumer
1072,2023-11-01,London,Consumer
1073,2024-05-18,North East,Consumer
1074,2025-04-23,Scotland,Consumer
1075,2023-06-29,North West,Consumer
1076,2025-05-08,West Midlands,Consumer
1077,2025-12-12,West Midlands,Consumer
1078,2023-02-09,South West,Consumer
1079,2025-01-05,East Midlands,Consumer
1080,2025-09-19,Yorkshire,Small Business
1081,2025-10-25,Yorkshire,Consumer
1082,2024-01-04,London,Consumer
1083,2024-03-24,London,Small Business
1084,2024-07-29,London,Consumer
1085,2025-08-24,Scotland,Consumer
1086,2024-04-21,East of England,Consumer
1087,2024-05-08,North West,Consumer
1088,2023-04-25,West Midlands,Consumer
1089,2025-03-06,Yorkshire,Small Business
1090,2023-12-22,East of England,Consumer
1091,2024-10-13,Yorkshire,Small Business
1092,2023-02-27,Yorkshire,Small Business
1093,2023-10-19,Wales,Small Business
1094,2025-10-05,Scotland,Consumer
1095,2025-10-01,London,Consumer
1096,2024-04-21,Wales,Consumer
1097,2025-12-14,East Midlands,Consumer
1098,2024-02-17,East of England,Consumer
1099,2023-12-30,Yorkshire,Consumer
1100,2023-10-30,Wales,Consumer
1101,2023-10-18,South East,Small Business
1102,2025-01-17,South East,Consumer
1103,2025-03-21,Wales,Consumer
1104,2024-09-10,Yorkshire,Consumer
1105,2023-11-19,South West,Consumer
1106,2025-09-24,North East,Consumer
1107,2024-12-31,West Midlands,Consumer
1108,2023-12-26,South West,Consumer
1109,2024-08-26,East of England,Consumer
1110,2023-01-04,Wales,Consumer
1111,2023-03-08,East of England,Consumer
1112,2024-03-28,North East,Consumer
1113,2025-10-13,East of England,Consumer
1114,2023-06-09,West Midlands,Consumer
1115,2024-10-16,East of England,Consumer
1116,2023-07-01,North East,Consumer
1117,2024-11-18,East Midlands,Consumer
1118,2024-03-05,West Midlands,Consumer
1119,2024-12-18,North West,Consumer
1120,2023-01-03,London,Consumer
1121,2025-05-09,East of England,Small Business
1122,2025-10-06,South West,Consumer
1123,2025-02-07,South East,Small Business
1124,2024-04-06,East of England,Consumer
1125,2023-03-10,North West,Consumer
1126,2024-06-18,South East,Consumer
1127,2023-12-15,South West,Consumer
1128,2023-06-03,Scotland,Small Business
1129,2023-07-10,Yorkshire,Consumer
1130,2025-09-15,London,Consumer
1131,2023-12-04,Wales,Small Business
1132,2023-11-18,London,Consumer
1133,2024-02-25,West Midlands,Consumer
1134,2024-06-27,North East,Consumer
1135,2024-05-01,South East,Consumer
1136,2025-10-02,East of England,Consumer
1137,2023-01-08,South West,Consumer
1138,2025-09-10,West Midlands,Consumer
1139,2024-02-28,East of England,Consumer
1140,2023-06-17,East Midlands,Small Business
1141,2024-09-23,South West,Consumer
1142,2024-06-26,South East,Consumer
1143,2025-03-04,East of England,Consumer
1144,2025-02-20,Yorkshire,Consumer
1145,2023-04-02,North West,Consumer
1146,2024-06-23,West Midlands,Small Business
1147,2023-05-07,East of England,Consumer
1148,2023-07-18,South East,Consumer
1149,2025-04-27,Wales,Consumer
1150,2023-05-05,South West,Consumer
1151,2025-05-07,Scotland,Consumer
1152,2025-08-30,Wales,Small Business
1153,2025-09-02,North West,Consumer
1154,2023-03-13,Scotland,Consumer
1155,2025-11-24,Wales,Consumer
1156,2023-10-29,South East,Small Business
1157,2025-07-08,East of England,Small Business
1158,2023-12-09,West Midlands,Consumer
1159,2023-09-16,London,Consumer
1160,2025-06-10,West Midlands,Small Business
1161,2023-10-30,Wales,Consumer
1162,2023-05-18,South East,Consumer
1163,2025-03-24,Scotland,Consumer
1164,2024-07-19,Scotland,Consumer
1165,2023-01-26,Wales,Consumer
1166,2025-05-09,South East,Consumer
1167,2023-10-31,Wales,Consumer
1168,2023-07-25,South East,Consumer
1169,2023-07-26,North West,Small Business
1170,2024-12-05,South West,Consumer
1171,2025-09-21,Wales,Consumer
1172,2023-03-18,East of England,Consumer
1173,2023-10-22,Wales,Consumer
1174,2025-04-02,London,Consumer
1175,2024-11-09,West Midlands,Consumer
1176,2025-08-31,North West,Small Business
1177,2023-02-11,Yorkshire,Consumer
1178,2024-09-12,North West,Consumer
1179,2025-10-03,North East,Consumer
1180,2024-04-11,East of England,Consumer
1181,2025-06-26,Yorkshire,Consumer
1182,2025-05-03,Wales,Consumer
1183,2024-01-20,East Midlands,Consumer
1184,2025-04-13,East Midlands,Consumer
1185,2025-02-04,London,Consumer
1186,2023-11-22,South East,Consumer
1187,2025-11-03,South West,Consumer
1188,2025-12-09,Wales,Consumer
1189,2024-01-30,West Midlands,Small Business
1190,2024-05-25,London,Consumer
1191,2025-01-08,West Midlands,Consumer
1192,2025-08-08,Scotland,Consumer
1193,2023-09-11,North East,Consumer
1194,2025-02-01,East Midlands,Consumer
1195,2023-12-30,East Midlands,Consumer
1196,2024-12-17,Yorkshire,Consumer
1197,2024-06-13,South East,Consumer
1198,2025-03-02,London,Consumer
1199,2024-03-14,West Midlands,Consumer
1200,2024-02-28,North West,Consumer
1201,2025-11-17,London,Small Business
1202,2023-01-19,East Midlands,Small Business
1203,2023-12-21,Wales,Consumer
1204,2024-04-03,North West,Consumer
1205,2024-09-17,North East,Consumer
1206,2025-02-10,Yorkshire,Consumer
1207,2024-03-22,East Midlands,Consumer
1208,2025-12-02,Wales,Consumer
1209,2023-07-29,London,Consumer
1210,2025-02-05,Scotland,Consumer
1211,2024-08-01,North West,Consumer
1212,2025-09-13,South East,Consumer
1213,2024-07-20,North East,Consumer
1214,2024-07-21,North West,Consumer
1215,2024-09-03,West Midlands,Consumer
1216,2024-05-07,London,Consumer
1217,2025-04-07,North East,Consumer
1218,2023-10-14,London,Consumer
1219,2024-08-28,North West,Small Business
1220,2025-04-08,South West,Consumer
1221,2024-01-24,Yorkshire,Consumer
1222,2024-03-31,North East,Consumer
1223,2025-09-01,North East,Consumer
1224,2024-09-06,East of England,Small Business
1225,2024-01-06,North West,Consumer
1226,2023-09-20,North West,Consumer
1227,2024-01-10,North East,Small Business
1228,2023-07-02,West Midlands,Consumer
1229,2024-09-20,South West,Consumer
1230,2024-11-09,Yorkshire,Consumer
1231,2024-08-25,East Midlands,Small Business
1232,2025-08-21,London,Small Business
1233,2023-05-26,East Midlands,Small Business
1234,2025-10-21,South East,Small Business
1235,2025-02-20,Scotland,Consumer
1236,2023-04-21,East of England,Consumer
1237,2024-02-15,Yorkshire,Consumer
1238,2025-07-26,East of England,Consumer
1239,2024-01-05,South East,Consumer
1240,2023-12-29,Yorkshire,Consumer
1241,2023-01-10,East Midlands,Consumer
1242,2023-12-12,Wales,Consumer
1243,2025-09-29,South East,Consumer
1244,2025-06-07,North East,Consumer
1245,2025-05-28,East Midlands,Consumer
1246,2023-03-19,Scotland,Consumer
1247,2025-02-03,London,Small Business
1248,2025-12-23,West Midlands,Consumer
1249,2023-01-09,North East,Consumer
1250,2024-04-08,Yorkshire,Consumer
1251,2023-07-30,South West,Consumer
1252,2024-09-18,East of England,Consumer
1253,2023-04-04,North West,Small Business
1254,2025-07-22,Scotland,Consumer
1255,2024-11-22,South West,Small Business
1256,2023-10-02,Yorkshire,Small Business
1257,2025-09-30,Yorkshire,Consumer
1258,2023-12-04,South West,Consumer
1259,2024-04-04,East of England,Consumer
1260,2023-02-14,Wales,Consumer
1261,2023-09-10,Yorkshire,Consumer
1262,2023-03-18,South West,Small Business
1263,2024-06-07,Scotland,Consumer
1264,2023-04-09,North East,Consumer
1265,2023-02-10,London,Consumer
1266,2025-05-03,East Midlands,Consumer
1267,2024-06-01,East Midlands,Consumer
1268,2024-02-25,North East,Consumer
1269,2024-09-08,South West,Consumer
1270,2025-12-01,North West,Consumer
1271,2023-10-08,South West,Small Business
1272,2023-08-03,Scotland,Consumer
1273,2023-08-30,North West,Consumer
1274,2023-08-06,East Midlands,Consumer
1275,2024-02-14,North West,Small Business
1276,2024-02-18,Yorkshire,Consumer
1277,2024-08-27,East of England,Consumer
1278,2025-10-13,West Midlands,Consumer
1279,2025-09-11,Yorkshire,Consumer
1280,2023-01-27,North East,Consumer
1281,2023-08-15,Wales,Consumer
1282,2023-11-02,South East,Consumer
1283,2023-06-03,South East,Small Business
1284,2024-04-18,East Midlands,Small Business
1285,2024-08-29,North West,Consumer
1286,2023-07-24,East of England,Small Business
1287,2024-08-18,Yorkshire,Consumer
1288,2024-10-02,South West,Consumer
1289,2023-07-14,London,Consumer
1290,2023-10-11,North East,Consumer
1291,2024-11-04,Yorkshire,Small Business
1292,2024-07-03,South East,Consumer
1293,2024-12-02,East of England,Consumer
1294,2025-03-30,East Midlands,Consumer
1295,2025-02-28,East Midlands,Consumer
1296,2023-12-08,South East,Consumer
1297,2023-05-01,East of England,Consumer
1298,2025-09-15,Wales,Consumer
1299,2024-01-07,Wales,Consumer
1300,2025-01-04,Wales,Consumer
1301,2023-09-25,East Midlands,Small Business
1302,2023-08-20,South West,Consumer
1303,2023-05-10,North West,Consumer
1304,2023-01-26,North East,Consumer
1305,2024-04-03,North East,Small Business
1306,2025-11-29,Scotland,Consumer
1307,2023-07-15,South West,Consumer
1308,2024-05-24,East Midlands,Consumer
1309,2025-02-27,East of England,Small Business
1310,2023-04-22,London,Consumer
1311,2023-11-18,Scotland,Small Business
1312,2025-10-12,East of England,Consumer
1313,2025-10-03,Yorkshire,Consumer
1314,2024-07-23,London,Consumer
1315,2025-02-14,South West,Consumer
1316,2023-06-11,East Midlands,Consumer
1317,2025-07-06,South East,Small Business
1318,2025-07-04,Yorkshire,Consumer
1319,2025-10-15,North East,Consumer
1320,2025-04-06,South West,Consumer
1321,2023-01-01,South East,Consumer
1322,2024-09-15,Scotland,Consumer
1323,2025-07-23,Yorkshire,Consumer
1324,2023-04-22,West Midlands,Small Business
1325,2024-11-10,Scotland,Consumer
1326,2025-08-26,North East,Consumer
1327,2025-07-15,South East,Consumer
1328,2024-03-30,London,Consumer
1329,2024-08-20,Scotland,Consumer
1330,2023-08-06,London,Small Business
1331,2025-10-05,East of England,Small Business
1332,2025-04-18,South East,Consumer
1333,2024-02-06,West Midlands,Consumer
1334,2025-03-15,West Midlands,Consumer
1335,2024-01-26,Yorkshire,Consumer
1336,2025-04-28,London,Small Business
1337,2023-09-10,East Midlands,Consumer
1338,2025-10-29,East of England,Small Business
1339,2023-01-09,Scotland,Consumer
1340,2025-06-05,Wales,Consumer
1341,2025-11-07,East of England,Consumer
1342,2023-12-22,East of England,Consumer
1343,2024-10-21,Scotland,Small Business
1344,2025-05-07,Wales,Small Business
1345,2024-05-23,North West,Consumer
1346,2024-12-03,North West,Consumer
1347,2023-10-01,East of England,Consumer
1348,2025-11-15,North West,Small Business
1349,2024-10-04,Scotland,Consumer
1350,2024-02-16,West Midlands,Consumer
1351,2024-08-18,North East,Consumer
1352,2023-09-29,North East,Small Business
1353,2023-12-31,Scotland,Consumer
1354,2024-10-22,South East,Consumer
1355,2025-09-10,Wales,Consumer
1356,2025-05-04,North East,Consumer
1357,2025-12-29,North West,Small Business
1358,2025-05-15,London,Consumer
1359,2023-02-21,South West,Consumer
1360,2023-04-26,West Midlands,Consumer
1361,2023-11-26,North West,Consumer
1362,2023-10-27,London,Consumer
1363,2024-08-27,West Midlands,Consumer
1364,2023-03-08,Yorkshire,Consumer
1365,2023-07-29,Wales,Small Business
1366,2024-04-04,North East,Consumer
1367,2024-05-01,Scotland,Consumer
1368,2024-08-12,North East,Consumer
1369,2025-02-20,South West,Consumer
1370,2024-10-02,Scotland,Consumer
1371,2024-05-29,West Midlands,Consumer
1372,2025-06-26,West Midlands,Small Business
1373,2025-01-23,Wales,Consumer
1374,2024-02-07,West Midlands,Consumer
1375,2023-12-30,North East,Consumer
1376,2023-12-22,Scotland,Consumer
1377,2023-03-25,South West,Consumer
1378,2024-06-25,East of England,Consumer
1379,2024-06-06,London,Consumer
1380,2023-11-14,London,Consumer
1381,2024-10-22,Wales,Consumer
1382,2024-09-08,East Midlands,Consumer
1383,2025-01-03,South East,Consumer
1384,2024-10-12,Scotland,Consumer
1385,2024-01-12,Scotland,Consumer
1386,2025-10-31,East of England,Consumer
1387,2025-04-06,South East,Consumer
1388,2024-03-12,North East,Consumer
1389,2025-01-08,North West,Consumer
1390,2025-12-22,East Midlands,Small Business
1391,2023-01-19,South East,Consumer
1392,2025-07-01,West Midlands,Small Business
1393,2024-05-14,London,Consumer
1394,2024-10-19,South West,Small Business
1395,2023-08-21,South West,Consumer
1396,2024-08-02,London,Small Business
1397,2025-02-06,Scotland,Consumer
1398,2025-07-01,East Midlands,Consumer
1399,2024-01-30,Yorkshire,Consumer
1400,2023-07-16,East of England,Small Business
1401,2025-12-28,London,Consumer
1402,2024-03-07,North East,Consumer
1403,2024-03-12,North East,Consumer
1404,2023-08-01,West Midlands,Consumer
1405,2025-06-10,North East,Consumer
1406,2023-05-28,North East,Consumer
1407,2025-07-29,Yorkshire,Consumer
1408,2023-05-31,London,Consumer
1409,2024-05-30,Scotland,Consumer
1410,2024-04-11,North West,Consumer
1411,2025-07-12,North East,Consumer
1412,2024-10-09,London,Consumer
1413,2023-08-31,Scotland,Consumer
1414,2023-05-10,Wales,Consumer
1415,2023-05-29,Yorkshire,Small Business
1416,2023-08-06,North West,Consumer
1417,2024-09-09,Wales,Consumer
1418,2025-06-15,South West,Consumer
1419,2023-03-05,East Midlands,Consumer
1420,2024-03-26,East of England,Consumer
1421,2024-08-27,North East,Consumer
1422,2025-02-03,London,Consumer
1423,2023-10-17,South East,Consumer
1424,2025-03-18,Scotland,Consumer
1425,2023-06-24,North West,Consumer
1426,2024-12-05,West Midlands,Consumer
1427,2025-11-15,East of England,Consumer
1428,2024-03-28,Wales,Small Business
1429,2024-02-02,South East,Consumer
1430,2023-04-22,Scotland,Consumer
1431,2023-05-30,North West,Consumer
1432,2024-05-28,South East,Consumer
1433,2025-09-24,Yorkshire,Consumer
1434,2024-04-25,South East,Consumer
1435,2023-05-23,West Midlands,Consumer
1436,2025-07-11,Yorkshire,Consumer
1437,2024-09-18,Wales,Consumer
1438,2025-01-16,Yorkshire,Small Business
1439,2023-12-12,London,Consumer
1440,2024-03-29,North East,Consumer
1441,2025-01-06,East of England,Consumer
1442,2024-11-10,East Midlands,Consumer
1443,2025-01-04,North West,Consumer
1444,2023-08-11,East of England,Consumer
1445,2023-06-17,North West,Small Business
1446,2023-10-14,Scotland,Consumer
1447,2023-06-06,South East,Small Business
1448,2025-11-04,North East,Consumer
1449,2025-04-09,Wales,Consumer
1450,2023-03-17,Scotland,Consumer
1451,2025-08-24,North East,Consumer
1452,2025-01-19,South West,Consumer
1453,2024-08-18,East of England,Consumer
1454,2025-11-11,South East,Consumer
1455,2025-10-25,London,Consumer
1456,2023-12-06,Scotland,Consumer
1457,2023-11-23,East of England,Consumer
1458,2023-10-27,East Midlands,Small Business
1459,2023-03-24,West Midlands,Consumer
1460,2024-04-19,South East,Consumer
1461,2024-04-24,London,Consumer
1462,2025-11-26,Yorkshire,Consumer
1463,2025-07-20,London,Consumer
1464,2024-10-25,South East,Consumer
1465,2025-12-03,North East,Small Business
1466,2024-06-23,Wales,Consumer
1467,2023-12-23,South West,Consumer
1468,2025-01-18,Wales,Consumer
1469,2023-06-09,Scotland,Consumer
1470,2024-04-01,Scotland,Consumer
1471,2024-12-07,East Midlands,Consumer
1472,2023-01-14,Scotland,Small Business
1473,2025-06-19,East of England,Consumer
1474,2025-11-19,North East,Consumer
1475,2023-11-04,East of England,Consumer
1476,2023-08-31,North East,Consumer
1477,2024-11-07,South East,Consumer
1478,2025-09-07,East Midlands,Consumer
1479,2023-11-27,North East,Small Business
1480,2023-02-15,West Midlands,Consumer
1481,2023-11-26,East of England,Consumer
1482,2023-03-22,Wales,Consumer
1483,2023-12-07,North West,Small Business
1484,2025-11-24,South West,Consumer
1485,2023-02-08,North East,Small Business
1486,2023-06-25,West Midlands,Consumer
1487,2025-08-23,East Midlands,Consumer
1488,2025-04-21,Wales,Consumer
1489,2024-01-08,Wales,Consumer
1490,2024-06-25,East of England,Consumer
1491,2024-12-02,East Midlands,Consumer
1492,2023-05-21,West Midlands,Consumer
1493,2023-09-28,South East,Consumer
1494,2025-12-06,Scotland,Consumer
1495,2023-11-03,Wales,Consumer
1496,2025-09-01,Wales,Consumer
1497,2025-12-24,Scotland,Consumer
1498,2023-07-10,East Midlands,Consumer
1499,2023-01-03,North East,Consumer
1500,2025-12-05,South West,Consumer
1501,2023-03-30,Scotland,Consumer
1502,2025-09-14,South West,Consumer
1503,2023-07-20,South West,Consumer
1504,2025-09-04,West Midlands,Small Business
1505,2023-06-21,North West,Consumer
1506,2025-04-16,North West,Consumer
1507,2023-01-15,Wales,Consumer
1508,2025-11-30,London,Consumer
1509,2024-02-25,Yorkshire,Consumer
1510,2023-08-07,East of England,Consumer
1511,2024-06-03,North West,Small Business
1512,2025-05-17,Wales,Consumer
1513,2024-07-18,North East,Consumer
1514,2024-02-22,South West,Consumer
1515,2025-09-15,East of England,Consumer
1516,2025-09-17,North West,Small Business
1517,2024-12-06,South West,Consumer
1518,2023-09-01,West Midlands,Consumer
1519,2023-11-28,South East,Consumer
1520,2025-03-31,Yorkshire,Consumer
1521,2023-04-17,East of England,Consumer
1522,2023-01-11,South East,Small Business
1523,2025-08-23,Wales,Consumer
1524,2023-05-12,North West,Consumer
1525,2023-06-13,Wales,Consumer
1526,2025-02-26,South West,Consumer
1527,2025-12-03,North West,Consumer
1528,2023-04-28,East of England,Consumer
1529,2025-06-18,London,Consumer
1530,2025-11-27,North West,Consumer
1531,2025-11-11,Scotland,Consumer
1532,2023-12-14,North East,Consumer
1533,2024-05-04,North East,Consumer
1534,2023-11-19,South East,Small Business
1535,2025-03-29,Yorkshire,Consumer
1536,2025-04-10,Wales,Consumer
1537,2023-02-01,South East,Small Business
1538,2024-08-05,Scotland,Small Business
1539,2024-12-13,Yorkshire,Small Business
1540,2024-07-20,West Midlands,Consumer
1541,2024-02-03,East Midlands,Small Business
1542,2023-01-10,North West,Consumer
1543,2025-11-02,South East,Consumer
1544,2025-10-27,North West,Consumer
1545,2023-08-28,Scotland,Small Business
1546,2024-05-27,East Midlands,Small Business
1547,2025-09-17,West Midlands,Consumer
1548,2025-07-28,North East,Consumer
1549,2023-02-26,East Midlands,Consumer
1550,2023-05-19,South West,Consumer
1551,2024-03-27,North East,Consumer
1552,2024-10-08,South West,Small Business
1553,2025-11-23,Scotland,Consumer
1554,2024-06-23,West Midlands,Consumer
1555,2025-03-28,North East,Consumer
1556,2024-12-01,South East,Consumer
1557,2024-01-01,East Midlands,Consumer
1558,2024-03-23,Wales,Consumer
1559,2024-01-25,East Midlands,Consumer
1560,2024-04-25,West Midlands,Small Business
1561,2024-02-28,West Midlands,Consumer
1562,2024-05-26,Wales,Consumer
1563,2023-08-07,South East,Small Business
1564,2025-10-05,Wales,Consumer
1565,2023-03-28,East Midlands,Consumer
1566,2024-10-07,East Midlands,Small Business
1567,2024-07-16,East Midlands,Consumer
1568,2025-11-12,North West,Consumer
1569,2023-09-20,London,Consumer
1570,2025-05-16,East Midlands,Small Business
1571,2023-03-08,Scotland,Consumer
1572,2023-12-24,East Midlands,Small Business
1573,2025-11-27,East Midlands,Consumer
1574,2023-01-18,London,Consumer
1575,2025-02-16,Wales,Consumer
1576,2025-01-10,Wales,Small Business
1577,2024-01-19,Scotland,Consumer
1578,2024-07-05,East Midlands,Small Business
1579,2024-12-03,Yorkshire,Consumer
1580,2025-05-18,West Midlands,Consumer
1581,2025-02-01,Yorkshire,Small Business
1582,2024-07-26,East Midlands,Consumer
1583,2023-09-26,Wales,Consumer
1584,2023-07-24,North West,Consumer
1585,2025-06-04,South West,Consumer
1586,2023-11-03,East Midlands,Consumer
1587,2023-12-28,South West,Consumer
1588,2025-11-24,Scotland,Consumer
1589,2025-09-23,North West,Consumer
1590,2023-04-08,South West,Consumer
1591,2023-12-01,London,Consumer
1592,2024-06-04,East Midlands,Small Business
1593,2023-07-17,East Midlands,Consumer
1594,2024-06-16,Yorkshire,Consumer
1595,2024-06-11,Yorkshire,Consumer
1596,2023-09-06,Yorkshire,Small Business
1597,2024-02-12,Wales,Consumer
1598,2023-12-24,North West,Consumer
1599,2025-11-11,East Midlands,Consumer
1600,2025-07-04,South East,Consumer
1601,2024-08-09,East Midlands,Consumer
1602,2023-10-24,East of England,Consumer
1603,2024-11-21,South West,Consumer
1604,2025-04-08,South East,Consumer
1605,2024-12-04,West Midlands,Consumer
1606,2024-08-19,North West,Consumer
1607,2025-03-20,North West,Small Business
1608,2025-01-13,Wales,Consumer
1609,2025-07-11,South West,Consumer
1610,2023-02-17,East of England,Consumer
1611,2024-05-30,South East,Consumer
1612,2025-03-24,South East,Consumer
1613,2025-08-27,Scotland,Consumer
1614,2025-03-24,Scotland,Consumer
1615,2023-06-20,South East,Consumer
1616,2023-11-15,South East,Consumer
1617,2025-03-09,North West,Consumer
1618,2024-08-04,East Midlands,Consumer
1619,2023-09-26,Scotland,Small Business
1620,2023-02-28,London,Consumer
1621,2024-10-28,East Midlands,Consumer
1622,2024-07-11,Scotland,Consumer
1623,2023-12-29,Wales,Consumer
1624,2025-06-09,Scotland,Consumer
1625,2025-12-29,North West,Small Business
1626,2025-09-13,Scotland,Consumer
1627,2023-07-03,East Midlands,Consumer
1628,2025-04-24,North West,Consumer
1629,2023-01-22,London,Consumer
1630,2023-10-07,Yorkshire,Consumer
1631,2025-12-31,London,Consumer
1632,2025-10-04,East Midlands,Consumer
1633,2025-05-31,North West,Consumer
1634,2023-01-15,Scotland,Consumer
1635,2025-04-23,Scotland,Consumer
1636,2024-05-26,East of England,Consumer
1637,2025-03-09,South West,Consumer
1638,2023-06-12,South West,Consumer
1639,2025-11-24,Wales,Consumer
1640,2024-07-10,North West,Consumer
1641,2025-12-25,North West,Consumer
1642,2023-05-21,East of England,Consumer
1643,2023-08-15,North East,Consumer
1644,2025-07-16,North West,Consumer
1645,2025-10-04,West Midlands,Consumer
1646,2023-11-08,London,Small Business
1647,2023-02-15,East of England,Small Business
1648,2024-07-31,North West,Consumer
1649,2025-06-16,London,Consumer
1650,2023-11-05,London,Consumer
1651,2024-12-01,South West,Consumer
1652,2025-10-17,Yorkshire,Consumer
1653,2023-03-06,Yorkshire,Consumer
1654,2023-10-27,London,Consumer
1655,2025-03-14,South East,Consumer
1656,2024-01-07,West Midlands,Small Business
1657,2024-05-27,South West,Small Business
1658,2023-09-07,West Midlands,Consumer
1659,2025-06-26,West Midlands,Consumer
1660,2023-03-10,West Midlands,Consumer
1661,2023-07-12,Scotland,Consumer
1662,2024-03-02,East Midlands,Consumer
1663,2024-10-01,Yorkshire,Consumer
1664,2023-03-28,Scotland,Consumer
1665,2024-06-02,East Midlands,Consumer
1666,2024-02-11,Yorkshire,Small Business
1667,2024-03-22,South East,Consumer
1668,2025-06-08,Yorkshire,Consumer
1669,2024-07-19,Wales,Consumer
1670,2024-05-12,London,Small Business
1671,2025-08-31,Wales,Consumer
1672,2023-07-03,West Midlands,Consumer
1673,2023-07-07,North East,Consumer
1674,2023-05-03,London,Consumer
1675,2023-11-12,Scotland,Consumer
1676,2023-09-15,East Midlands,Consumer
1677,2024-12-12,East Midlands,Consumer
1678,2023-02-13,South West,Consumer
1679,2023-10-03,North West,Small Business
1680,2025-09-20,East Midlands,Consumer
1681,2025-09-30,West Midlands,Consumer
1682,2024-12-13,Yorkshire,Consumer
1683,2024-07-17,Wales,Small Business
1684,2023-11-25,South East,Consumer
1685,2025-07-09,North West,Consumer
1686,2025-01-21,East Midlands,Consumer
1687,2025-11-02,South West,Consumer
1688,2023-02-08,Wales,Small Business
1689,2024-05-04,Yorkshire,Consumer
1690,2025-03-04,West Midlands,Consumer
1691,2025-10-15,Scotland,Consumer
1692,2024-08-02,Yorkshire,Consumer
1693,2024-10-21,South East,Consumer
1694,2023-05-17,London,Small Business
1695,2023-09-23,East of England,Small Business
1696,2024-02-18,South East,Consumer
1697,2023-07-22,London,Consumer
1698,2025-03-06,North East,Consumer
1699,2024-06-08,London,Consumer
1700,2023-05-26,London,Small Business
1701,2024-03-03,North East,Consumer
1702,2023-06-13,East Midlands,Consumer
1703,2023-05-05,Yorkshire,Consumer
1704,2025-05-01,Yorkshire,Consumer
1705,2023-04-30,Wales,Consumer
1706,2023-03-25,South East,Small Business
1707,2023-06-09,West Midlands,Small Business
1708,2023-07-18,South East,Consumer
1709,2025-12-24,South West,Consumer
1710,2025-12-13,North East,Consumer
1711,2024-01-02,Scotland,Consumer
1712,2025-04-30,South East,Consumer
1713,2025-01-03,North East,Consumer
1714,2025-05-24,South East,Consumer
1715,2024-01-05,Scotland,Consumer
1716,2024-11-22,North East,Consumer
1717,2025-06-26,Yorkshire,Small Business
1718,2024-10-26,Yorkshire,Consumer
1719,2025-05-31,Yorkshire,Consumer
1720,2024-03-14,South West,Consumer
1721,2024-06-04,Yorkshire,Small Business
1722,2025-07-05,South West,Consumer
1723,2023-03-12,North West,Consumer
1724,2025-11-26,East of England,Small Business
1725,2024-09-10,London,Consumer
1726,2024-03-30,West Midlands,Small Business
1727,2023-02-14,North West,Small Business
1728,2025-11-13,Scotland,Consumer
1729,2023-11-13,South East,Consumer
1730,2024-12-29,East of England,Consumer
1731,2025-01-21,Wales,Consumer
1732,2024-06-08,North West,Consumer
1733,2025-03-29,Wales,Small Business
1734,2023-06-08,Yorkshire,Consumer
1735,2023-12-21,East Midlands,Small Business
1736,2023-07-15,Wales,Consumer
1737,2023-03-18,Wales,Consumer
1738,2023-04-25,Yorkshire,Consumer
1739,2025-06-08,South West,Small Business
1740,2023-09-04,West Midlands,Consumer
1741,2023-01-24,North East,Consumer
1742,2025-02-22,London,Consumer
1743,2023-03-26,Yorkshire,Consumer
1744,2023-11-03,Yorkshire,Consumer
1745,2024-03-28,East of England,Consumer
1746,2025-03-15,East Midlands,Consumer
1747,2025-10-30,South East,Consumer
1748,2024-08-16,South West,Consumer
1749,2024-11-19,South East,Consumer
1750,2023-04-11,Scotland,Consumer
1751,2023-06-24,South West,Consumer
1752,2023-09-25,East of England,Consumer
1753,2024-02-10,East Midlands,Consumer
1754,2024-02-06,Scotland,Consumer
1755,2025-12-09,West Midlands,Consumer
1756,2024-06-29,South West,Consumer
1757,2023-07-03,South East,Consumer
1758,2025-05-17,Yorkshire,Consumer
1759,2024-10-18,Yorkshire,Consumer
1760,2023-02-19,North West,Consumer
1761,2024-12-17,Wales,Small Business
1762,2025-06-24,Wales,Consumer
1763,2023-04-02,West Midlands,Consumer
1764,2025-02-04,East of England,Consumer
1765,2023-06-25,South East,Consumer
1766,2024-05-12,Wales,Small Business
1767,2024-08-12,London,Consumer
1768,2023-08-16,North West,Consumer
1769,2023-02-16,Yorkshire,Consumer
1770,2024-03-09,West Midlands,Consumer
1771,2024-06-13,Scotland,Consumer
1772,2023-10-17,North East,Consumer
1773,2025-12-14,London,Consumer
1774,2023-05-04,North West,Consumer
1775,2024-07-09,London,Consumer
1776,2023-01-18,South East,Consumer
1777,2024-07-09,North East,Small Business
1778,2025-01-07,South East,Consumer
1779,2025-03-02,West Midlands,Small Business
1780,2025-11-07,South East,Small Business
1781,2025-09-19,Wales,Consumer
1782,2024-01-17,West Midlands,Consumer
1783,2025-07-26,Scotland,Small Business
1784,2023-02-14,London,Consumer
1785,2025-12-20,North West,Consumer
1786,2025-03-16,East of England,Consumer
1787,2024-12-21,Yorkshire,Consumer
1788,2024-04-28,Scotland,Consumer
1789,2023-05-07,North East,Consumer
1790,2025-03-03,London,Small Business
1791,2024-07-27,West Midlands,Consumer
1792,2025-03-15,North East,Consumer
1793,2025-02-21,Scotland,Small Business
1794,2024-04-10,South West,Consumer
1795,2023-11-09,South West,Small Business
1796,2024-11-05,East Midlands,Consumer
1797,2024-02-28,North East,Consumer
1798,2024-02-19,East of England,Consumer
1799,2025-12-08,East of England,Consumer
1800,2023-10-25,North East,Small Business
1801,2023-11-20,Yorkshire,Consumer
1802,2025-12-27,South East,Consumer
1803,2023-10-26,London,Consumer
1804,2025-04-27,South West,Consumer
1805,2024-07-14,East of England,Consumer
1806,2023-08-07,East of England,Consumer
1807,2024-06-30,Wales,Consumer
1808,2024-04-17,Wales,Consumer
1809,2023-02-23,Yorkshire,Consumer
1810,2025-09-03,East of England,Consumer
1811,2025-08-18,North East,Consumer
1812,2025-03-04,East Midlands,Consumer
1813,2023-12-02,West Midlands,Consumer
1814,2025-04-16,London,Small Business
1815,2025-04-25,West Midlands,Consumer
1816,2024-02-20,West Midlands,Consumer
1817,2025-06-18,Wales,Consumer
1818,2024-10-27,East Midlands,Small Business
1819,2025-05-25,South West,Consumer
1820,2025-02-18,Yorkshire,Consumer
1821,2025-12-11,North East,Small Business
1822,2023-03-20,Scotland,Consumer
1823,2025-07-24,London,Small Business
1824,2024-05-18,Scotland,Consumer
1825,2023-03-22,Scotland,Consumer
1826,2023-04-11,West Midlands,Consumer
1827,2025-03-26,North West,Consumer
1828,2024-08-08,East Midlands,Consumer
1829,2024-08-25,Wales,Small Business
1830,2025-11-24,East of England,Consumer
1831,2025-07-14,South East,Consumer
1832,2023-08-20,East of England,Consumer
1833,2023-10-05,South West,Consumer
1834,2025-07-12,London,Consumer
1835,2024-02-18,East Midlands,Consumer
1836,2024-10-25,North East,Small Business
1837,2023-12-02,South East,Consumer
1838,2025-07-09,North East,Consumer
1839,2025-12-08,South West,Consumer
1840,2025-11-13,Wales,Small Business
1841,2025-02-14,Scotland,Consumer
1842,2023-12-16,Yorkshire,Consumer
1843,2023-11-04,East of England,Small Business
1844,2024-01-02,London,Consumer
1845,2024-09-25,East Midlands,Consumer
1846,2024-01-06,South East,Small Business
1847,2024-02-20,London,Consumer
1848,2024-06-02,London,Consumer
1849,2025-10-18,Scotland,Consumer
1850,2025-10-07,West Midlands,Consumer
1851,2025-09-01,East Midlands,Consumer
1852,2023-06-12,Wales,Consumer
1853,2024-05-16,Scotland,Consumer
1854,2024-03-01,London,Consumer
1855,2023-04-23,North East,Consumer
1856,2023-10-25,London,Consumer
1857,2024-09-03,Yorkshire,Small Business
1858,2023-04-11,South East,Consumer
1859,2024-01-01,East of England,Consumer
1860,2023-12-30,East Midlands,Consumer
1861,2025-01-07,London,Consumer
1862,2024-09-04,Yorkshire,Consumer
1863,2025-02-15,South East,Consumer
1864,2023-05-13,North West,Consumer
1865,2023-09-07,North West,Consumer
1866,2025-04-27,Scotland,Consumer
1867,2024-03-04,Wales,Consumer
1868,2025-12-19,South East,Consumer
1869,2024-08-11,South West,Consumer
1870,2024-10-10,North West,Consumer
1871,2024-12-25,East of England,Consumer
1872,2025-10-13,Scotland,Consumer
1873,2025-10-16,East Midlands,Consumer
1874,2024-04-21,North West,Small Business
1875,2023-01-04,South East,Consumer
1876,2023-08-30,West Midlands,Consumer
1877,2025-04-29,South West,Consumer
1878,2024-12-17,Scotland,Consumer
1879,2024-03-10,London,Consumer
1880,2024-07-30,North West,Consumer
1881,2024-09-22,North West,Consumer
1882,2024-10-25,London,Consumer
1883,2024-11-13,Yorkshire,Consumer
1884,2023-03-01,East of England,Consumer
1885,2024-11-23,North East,Consumer
1886,2025-08-29,London,Consumer
1887,2025-09-13,East of England,Consumer
1888,2024-11-17,East Midlands,Consumer
1889,2025-04-27,London,Small Business
1890,2024-09-05,Wales,Consumer
1891,2024-10-08,Scotland,Consumer
1892,2024-03-02,Wales,Consumer
1893,2024-12-25,South East,Small Business
1894,2024-07-28,London,Consumer
1895,2025-02-07,North East,Consumer
1896,2023-12-06,Wales,Consumer
1897,2024-01-19,Wales,Consumer
1898,2024-09-23,Yorkshire,Consumer
1899,2024-07-10,South West,Consumer
1900,2024-05-01,Yorkshire,Consumer
1901,2024-09-11,West Midlands,Consumer
1902,2023-12-25,South East,Consumer
1903,2023-03-18,West Midlands,Small Business
1904,2025-06-27,Scotland,Consumer
1905,2025-09-15,Scotland,Consumer
1906,2024-11-27,East Midlands,Consumer
1907,2025-12-08,North West,Consumer
1908,2023-10-21,South East,Small Business
1909,2025-11-23,North East,Small Business
1910,2024-02-25,London,Consumer
1911,2025-12-05,South East,Consumer
1912,2023-04-01,North East,Small Business
1913,2023-06-28,Yorkshire,Consumer
1914,2023-04-05,South East,Consumer
1915,2024-10-01,London,Consumer
1916,2024-10-01,North East,Small Business
1917,2024-10-19,West Midlands,Consumer
1918,2024-07-20,Scotland,Consumer
1919,2025-06-22,North East,Consumer
1920,2023-11-02,East of England,Consumer
1921,2023-02-01,Wales,Consumer
1922,2023-07-29,West Midlands,Consumer
1923,2024-10-14,North West,Consumer
1924,2024-08-03,Wales,Consumer
1925,2023-05-26,North West,Consumer
1926,2024-11-24,Scotland,Consumer
1927,2023-09-24,London,Consumer
1928,2023-04-14,South East,Consumer
1929,2023-06-26,South West,Consumer
1930,2025-07-02,Wales,Consumer
1931,2024-11-11,West Midlands,Consumer
1932,2025-12-28,South East,Small Business
1933,2025-08-11,Wales,Consumer
1934,2025-08-17,South East,Consumer
1935,2025-08-11,East Midlands,Consumer
1936,2024-04-03,East of England,Small Business
1937,2024-06-12,Yorkshire,Consumer
1938,2024-11-07,Yorkshire,Consumer
1939,2023-03-03,South East,Consumer
1940,2024-12-20,East Midlands,Consumer
1941,2023-12-16,North West,Consumer
1942,2023-09-18,Scotland,Consumer
1943,2023-08-08,Yorkshire,Consumer
1944,2023-05-26,North West,Consumer
1945,2025-03-31,Wales,Consumer
1946,2024-05-14,Scotland,Consumer
1947,2025-09-14,South West,Consumer
1948,2024-03-02,Wales,Consumer
1949,2025-06-10,Wales,Consumer
1950,2024-04-28,East of England,Consumer
1951,2023-06-09,Wales,Small Business
1952,2023-08-23,Wales,Consumer
1953,2024-10-28,Scotland,Consumer
1954,2025-06-30,East of England,Consumer
1955,2025-04-11,South East,Consumer
1956,2025-02-15,Yorkshire,Consumer
1957,2023-05-06,South East,Consumer
1958,2023-10-12,Wales,Small Business
1959,2023-01-01,East of England,Consumer
1960,2025-07-16,Scotland,Consumer
1961,2025-07-04,West Midlands,Consumer
1962,2024-10-10,North West,Consumer
1963,2024-09-15,South West,Consumer
1964,2024-12-06,South East,Consumer
1965,2025-11-11,South West,Small Business
1966,2024-08-25,London,Consumer
1967,2023-04-19,London,Consumer
1968,2025-01-05,South East,Small Business
1969,2023-03-05,West Midlands,Consumer
1970,2025-03-18,North East,Consumer
1971,2025-02-22,South West,Consumer
1972,2024-03-08,North East,Consumer
1973,2023-10-12,West Midlands,Consumer
1974,2025-01-07,South West,Consumer
1975,2023-09-15,East of England,Consumer
1976,2023-02-02,East of England,Consumer
1977,2025-09-23,North East,Consumer
1978,2023-10-06,South East,Consumer
1979,2025-05-01,East Midlands,Small Business
1980,2025-05-21,Wales,Consumer
1981,2025-11-09,South West,Consumer
1982,2025-07-10,South West,Consumer
1983,2024-01-16,South West,Consumer
1984,2025-10-17,West Midlands,Consumer
1985,2024-07-05,South West,Small Business
1986,2025-01-21,London,Small Business
1987,2025-09-16,Yorkshire,Consumer
1988,2025-09-13,South East,Consumer
1989,2025-12-14,North West,Consumer
1990,2023-06-10,Scotland,Small Business
1991,2023-07-01,West Midlands,Consumer
1992,2023-06-09,North East,Consumer
1993,2024-10-01,Wales,Consumer
1994,2024-12-04,Scotland,Consumer
1995,2025-08-18,East Midlands,Consumer
1996,2025-08-18,Wales,Consumer
1997,2025-05-12,Yorkshire,Small Business
1998,2024-08-26,North West,Consumer
1999,2024-09-14,Wales,Consumer
2000,2025-08-27,Wales,Consumer
2001,2023-04-16,North East,Small Business
2002,2023-02-25,North West,Consumer
2003,2023-09-17,Scotland,Consumer
2004,2024-07-23,North West,Consumer
2005,2024-07-29,North West,Small Business
2006,2023-01-30,South East,Consumer
2007,2023-11-06,North East,Consumer
2008,2023-12-26,North West,Consumer
2009,2024-04-28,East Midlands,Consumer
2010,2025-12-16,London,Consumer
2011,2023-06-22,East of England,Consumer
2012,2023-11-12,East Midlands,Consumer
2013,2025-04-25,South West,Consumer
2014,2025-06-20,North East,Consumer
2015,2024-12-07,London,Consumer
2016,2023-08-26,London,Consumer
2017,2025-03-27,East Midlands,Consumer
2018,2025-12-26,West Midlands,Consumer
2019,2025-03-09,East Midlands,Consumer
2020,2025-12-22,South West,Consumer
2021,2025-07-08,South West,Consumer
2022,2025-12-21,North East,Small Business
2023,2023-07-19,Scotland,Consumer
2024,2025-06-03,Wales,Small Business
2025,2024-07-12,Yorkshire,Consumer
2026,2023-07-21,North West,Consumer
2027,2025-03-12,East Midlands,Consumer
2028,2024-05-10,North East,Consumer
2029,2024-02-04,Scotland,Consumer
2030,2024-01-04,Yorkshire,Consumer
2031,2023-01-18,South East,Consumer
2032,2023-07-20,Scotland,Consumer
2033,2025-07-02,Yorkshire,Consumer
2034,2024-08-03,North West,Consumer
2035,2023-02-18,Wales,Consumer
2036,2024-03-20,Wales,Consumer
2037,2023-09-03,South East,Small Business
2038,2023-09-24,South West,Consumer
2039,2024-01-14,South East,Consumer
2040,2024-06-02,North West,Consumer
2041,2023-06-05,North East,Consumer
2042,2024-07-20,South West,Consumer
2043,2024-10-24,North West,Consumer
2044,2023-06-01,North West,Consumer
2045,2025-02-22,South West,Consumer
2046,2023-05-04,North West,Small Business
2047,2024-06-26,East of England,Consumer
2048,2025-10-04,West Midlands,Consumer
2049,2024-01-01,North East,Consumer
2050,2023-10-22,Scotland,Consumer
2051,2024-03-23,Wales,Consumer
2052,2025-06-23,North West,Consumer
2053,2023-05-30,South East,Consumer
2054,2024-05-28,East Midlands,Consumer
2055,2025-10-16,East of England,Consumer
2056,2023-01-02,London,Consumer
2057,2024-06-29,East of England,Consumer
2058,2025-03-12,Wales,Consumer
2059,2025-10-01,East Midlands,Consumer
2060,2023-05-24,Scotland,Consumer
2061,2025-02-26,East Midlands,Consumer
2062,2025-01-05,Yorkshire,Consumer
2063,2025-03-31,London,Consumer
2064,2023-07-05,Yorkshire,Consumer
2065,2024-11-27,South East,Small Business
2066,2024-08-16,North East,Consumer
2067,2023-03-22,South West,Consumer
2068,2024-09-04,South West,Small Business
2069,2025-01-05,East Midlands,Consumer
2070,2025-06-15,West Midlands,Consumer
2071,2024-01-31,London,Consumer
2072,2024-05-03,East Midlands,Consumer
2073,2024-09-22,East Midlands,Consumer
2074,2025-07-09,London,Consumer
2075,2023-04-25,Yorkshire,Consumer
2076,2023-03-29,South West,Consumer
2077,2025-12-07,East Midlands,Small Business
2078,2023-11-02,Wales,Consumer
2079,2023-05-28,London,Consumer
2080,2025-09-28,North East,Consumer
2081,2023-04-04,West Midlands,Consumer
2082,2023-09-25,London,Consumer
2083,2023-04-13,North West,Small Business
2084,2023-07-19,East Midlands,Consumer
2085,2023-05-11,South East,Consumer
2086,2024-03-27,South East,Consumer
2087,2025-05-22,Yorkshire,Consumer
2088,2025-04-03,Yorkshire,Consumer
2089,2023-10-09,Yorkshire,Small Business
2090,2024-03-12,London,Consumer
2091,2024-11-18,South East,Consumer
2092,2023-10-17,South West,Consumer
2093,2025-01-27,Scotland,Consumer
2094,2024-05-13,Wales,Consumer
2095,2023-07-24,North East,Consumer
2096,2023-11-20,London,Small Business
2097,2023-06-15,London,Consumer
2098,2023-07-02,North East,Consumer
2099,2024-08-04,South West,Consumer
2100,2025-09-01,East of England,Consumer
2101,2024-07-08,Scotland,Consumer
2102,2024-05-04,East of England,Consumer
2103,2023-03-19,Wales,Consumer
2104,2025-10-20,Wales,Small Business
2105,2024-09-08,Yorkshire,Consumer
2106,2024-04-27,West Midlands,Consumer
2107,2025-12-21,South East,Consumer
2108,2025-11-05,West Midlands,Consumer
2109,2024-03-02,North West,Consumer
2110,2023-08-19,East of England,Consumer
2111,2025-08-29,East Midlands,Consumer
2112,2023-03-30,London,Consumer
2113,2024-08-06,West Midlands,Consumer
2114,2024-11-15,Wales,Consumer
2115,2025-07-17,London,Consumer
2116,2023-04-18,Scotland,Consumer
2117,2023-03-01,East Midlands,Consumer
2118,2023-05-26,West Midlands,Consumer
2119,2024-10-29,South West,Consumer
2120,2024-10-29,West Midlands,Consumer
2121,2024-10-29,West Midlands,Consumer
2122,2025-04-24,West Midlands,Consumer
2123,2024-03-27,South East,Consumer
2124,2025-09-19,London,Small Business
2125,2023-10-24,West Midlands,Small Business
2126,2025-07-20,East of England,Consumer
2127,2023-10-07,East Midlands,Consumer
2128,2025-01-04,North West,Consumer
2129,2023-09-18,London,Consumer
2130,2023-05-03,North West,Consumer
2131,2025-08-11,East Midlands,Consumer
2132,2024-12-04,West Midlands,Small Business
2133,2023-11-18,North East,Small Business
2134,2023-12-15,Wales,Small Business
2135,2024-04-15,South East,Consumer
2136,2025-12-04,East Midlands,Small Business
2137,2024-03-19,Wales,Consumer
2138,2025-08-05,North West,Consumer
2139,2025-05-26,West Midlands,Consumer
2140,2025-06-08,Wales,Consumer
2141,2023-11-02,Wales,Small Business
2142,2025-05-05,London,Consumer
2143,2025-08-21,Scotland,Consumer
2144,2025-12-23,South West,Consumer
2145,2023-07-20,East Midlands,Consumer
2146,2023-06-20,Scotland,Consumer
2147,2025-04-12,West Midlands,Consumer
2148,2024-08-28,West Midlands,Consumer
2149,2023-07-05,London,Consumer
2150,2024-09-16,East of England,Consumer
2151,2023-02-19,East Midlands,Consumer
2152,2023-10-11,South West,Consumer
2153,2025-01-28,North East,Consumer
2154,2023-01-03,North East,Consumer
2155,2024-11-12,Scotland,Consumer
2156,2025-05-22,North West,Consumer
2157,2024-02-29,North East,Consumer
2158,2024-11-18,London,Consumer
2159,2025-01-15,London,Consumer
2160,2025-01-18,East Midlands,Consumer
2161,2025-01-18,Yorkshire,Consumer
2162,2023-05-18,Scotland,Consumer
2163,2024-02-24,East of England,Small Business
2164,2024-05-03,Scotland,Consumer
2165,2025-09-06,Wales,Small Business
2166,2024-03-05,West Midlands,Consumer
2167,2024-07-01,Scotland,Consumer
2168,2024-07-21,London,Consumer
2169,2024-12-08,East Midlands,Consumer
2170,2025-12-14,South East,Consumer
2171,2025-12-25,North East,Small Business
2172,2024-08-21,East Midlands,Consumer
2173,2023-05-15,West Midlands,Small Business
2174,2025-07-26,South East,Consumer
2175,2024-01-02,North West,Small Business
2176,2023-06-07,South East,Consumer
2177,2023-08-18,East of England,Consumer
2178,2024-02-23,Scotland,Small Business
2179,2023-02-16,North West,Consumer
2180,2023-09-28,East Midlands,Consumer
2181,2025-06-28,North East,Consumer
2182,2024-01-23,South East,Consumer
2183,2024-04-20,Scotland,Consumer
2184,2025-04-23,Wales,Consumer
2185,2024-10-30,East Midlands,Consumer
2186,2025-12-21,Scotland,Consumer
2187,2024-09-14,Wales,Consumer
2188,2024-09-19,East of England,Consumer
2189,2024-04-09,East Midlands,Consumer
2190,2024-08-13,London,Consumer
2191,2024-08-05,East Midlands,Small Business
2192,2023-11-26,Scotland,Consumer
2193,2023-12-26,North East,Consumer
2194,2023-11-27,West Midlands,Consumer
2195,2024-10-10,Wales,Consumer
2196,2024-06-17,Yorkshire,Consumer
2197,2023-03-13,North East,Consumer
2198,2024-12-05,East of England,Consumer
2199,2023-11-29,Scotland,Consumer
2200,2023-02-21,South West,Small Business
2201,2023-10-25,East Midlands,Small Business
2202,2023-11-16,London,Small Business
2203,2025-11-05,Yorkshire,Consumer
2204,2024-08-28,East Midlands,Small Business
2205,2023-10-29,Wales,Consumer
2206,2025-06-24,Yorkshire,Consumer
2207,2025-09-07,London,Consumer
2208,2023-08-28,North West,Consumer
2209,2024-03-27,East Midlands,Consumer
2210,2024-10-30,London,Consumer
2211,2024-02-04,Wales,Consumer
2212,2024-07-23,West Midlands,Consumer
2213,2025-07-01,North East,Consumer
2214,2023-06-28,Scotland,Consumer
2215,2025-10-01,Yorkshire,Consumer
2216,2025-11-13,London,Small Business
2217,2025-01-09,South West,Consumer
2218,2025-05-25,Yorkshire,Consumer
2219,2023-01-25,North West,Consumer
2220,2024-09-22,East Midlands,Small Business
2221,2023-06-29,West Midlands,Consumer
2222,2025-06-28,South West,Consumer
2223,2024-08-14,East of England,Consumer
2224,2025-05-18,South West,Consumer
2225,2023-06-26,East of England,Consumer
2226,2025-08-30,Scotland,Small Business
2227,2023-05-16,Wales,Consumer
2228,2023-07-01,London,Consumer
2229,2024-07-13,South West,Consumer
2230,2025-08-04,Wales,Consumer
2231,2023-10-08,West Midlands,Consumer
2232,2025-02-20,North West,Consumer
2233,2023-03-28,North West,Small Business
2234,2024-09-14,East Midlands,Consumer
2235,2025-08-07,West Midlands,Consumer
2236,2023-01-06,East of England,Consumer
2237,2025-08-25,South East,Consumer
2238,2024-08-12,South West,Consumer
2239,2024-05-16,London,Consumer
2240,2024-07-21,East Midlands,Small Business
2241,2023-05-17,Wales,Consumer
2242,2025-09-11,Wales,Consumer
2243,2024-06-12,North East,Consumer
2244,2023-09-02,Yorkshire,Consumer
2245,2023-02-05,North West,Consumer
2246,2023-04-30,East of England,Consumer
2247,2023-10-05,Yorkshire,Consumer
2248,2024-07-12,Yorkshire,Consumer
2249,2024-12-30,London,Consumer
2250,2025-12-20,North East,Small Business
2251,2025-11-18,West Midlands,Consumer
2252,2024-01-11,South East,Consumer
2253,2023-12-09,Scotland,Consumer
2254,2024-10-09,North East,Consumer
2255,2024-07-09,North East,Consumer
2256,2025-01-12,South East,Consumer
2257,2024-12-21,East of England,Consumer
2258,2025-11-27,North West,Consumer
2259,2025-09-20,South West,Consumer
2260,2023-11-30,South East,Consumer
2261,2025-10-27,West Midlands,Small Business
2262,2025-12-12,Scotland,Consumer
2263,2023-08-22,South West,Consumer
2264,2023-06-06,South East,Consumer
2265,2023-02-05,East Midlands,Consumer
2266,2025-01-12,East of England,Consumer
2267,2025-12-07,Yorkshire,Consumer
2268,2024-09-15,London,Consumer
2269,2023-08-31,West Midlands,Consumer
2270,2023-10-19,West Midlands,Consumer
2271,2024-03-05,East of England,Small Business
2272,2025-05-20,South East,Consumer
2273,2025-09-18,South West,Consumer
2274,2023-08-09,London,Consumer
2275,2025-11-17,Wales,Consumer
2276,2023-09-01,North West,Consumer
2277,2024-09-09,North East,Consumer
2278,2023-07-17,South East,Small Business
2279,2024-02-25,Wales,Small Business
2280,2024-01-14,North East,Consumer
2281,2023-07-05,East of England,Small Business
2282,2024-07-22,Wales,Consumer
2283,2023-11-25,Scotland,Consumer
2284,2024-05-10,Scotland,Consumer
2285,2023-07-22,Wales,Consumer
2286,2025-12-19,West Midlands,Consumer
2287,2024-07-31,East of England,Small Business
2288,2023-01-09,South East,Small Business
2289,2025-10-29,East Midlands,Consumer
2290,2024-01-15,East Midlands,Consumer
2291,2023-08-08,East of England,Small Business
2292,2025-02-16,South West,Consumer
2293,2024-04-11,South West,Consumer
2294,2024-10-05,South East,Consumer
2295,2025-11-30,East of England,Consumer
2296,2025-01-09,North West,Consumer
2297,2023-03-25,South East,Consumer
2298,2023-08-25,South West,Consumer
2299,2024-09-30,North East,Small Business
2300,2025-06-28,West Midlands,Consumer
2301,2024-08-18,South West,Consumer
2302,2023-05-23,East Midlands,Small Business
2303,2025-01-22,East of England,Consumer
2304,2025-10-03,North East,Consumer
2305,2025-06-16,Scotland,Consumer
2306,2023-06-24,South East,Consumer
2307,2025-03-31,Wales,Small Business
2308,2023-12-12,South East,Consumer
2309,2024-02-12,Yorkshire,Consumer
2310,2025-04-07,South East,Consumer
2311,2025-05-19,East Midlands,Consumer
2312,2024-07-13,North East,Small Business
2313,2024-12-30,East Midlands,Consumer
2314,2025-04-08,East Midlands,Consumer
2315,2023-10-29,East Midlands,Consumer
2316,2024-05-28,East Midlands,Consumer
2317,2023-10-03,London,Consumer
2318,2023-04-19,South East,Consumer
2319,2023-02-24,East of England,Consumer
2320,2024-10-31,East of England,Consumer
2321,2023-07-17,South East,Consumer
2322,2025-11-30,East Midlands,Consumer
2323,2024-02-18,North West,Consumer
2324,2025-10-01,Scotland,Consumer
2325,2024-12-04,Scotland,Consumer
2326,2023-03-06,South West,Small Business
2327,2023-09-01,South West,Consumer
2328,2025-02-09,East Midlands,Consumer
2329,2023-03-09,East of England,Consumer
2330,2024-09-12,East of England,Consumer
2331,2023-10-03,North West,Consumer
2332,2025-09-25,South East,Consumer
2333,2025-10-01,North East,Consumer
2334,2025-08-20,East Midlands,Consumer
2335,2023-11-17,Scotland,Consumer
2336,2024-06-23,East Midlands,Consumer
2337,2025-02-12,Wales,Consumer
2338,2024-08-05,Yorkshire,Consumer
2339,2023-04-03,East of England,Small Business
2340,2024-12-15,Wales,Consumer
2341,2024-11-29,South West,Consumer
2342,2024-12-07,Yorkshire,Consumer
2343,2023-04-26,North East,Consumer
2344,2024-04-25,North East,Consumer
2345,2023-06-23,South East,Small Business
2346,2023-08-23,Yorkshire,Consumer
2347,2024-10-29,London,Consumer
2348,2025-05-15,Wales,Consumer
2349,2025-05-12,North West,Consumer
2350,2025-08-19,Wales,Consumer
2351,2024-10-10,South West,Consumer
2352,2024-10-22,Wales,Consumer
2353,2025-09-27,South East,Consumer
2354,2024-02-26,Yorkshire,Consumer
2355,2024-11-26,East of England,Consumer
2356,2025-01-14,South West,Consumer
2357,2023-06-04,Scotland,Consumer
2358,2024-06-27,London,Consumer
2359,2025-04-03,West Midlands,Consumer
2360,2023-07-08,Wales,Consumer
2361,2024-11-20,North West,Consumer
2362,2025-12-23,East Midlands,Consumer
2363,2024-12-12,South East,Consumer
2364,2024-09-10,Scotland,Consumer
2365,2025-06-05,North East,Consumer
2366,2024-02-14,South West,Consumer
2367,2025-11-21,East Midlands,Consumer
2368,2024-01-05,London,Consumer
2369,2025-11-23,East of England,Consumer
2370,2024-03-12,North East,Small Business
2371,2025-08-15,North West,Small Business
2372,2025-12-27,Wales,Small Business
2373,2025-06-07,Wales,Consumer
2374,2023-05-03,Scotland,Consumer
2375,2025-08-05,East of England,Consumer
2376,2024-09-06,South West,Consumer
2377,2023-05-12,North East,Consumer
2378,2025-04-24,North West,Small Business
2379,2023-11-25,North West,Consumer
2380,2024-04-28,South West,Consumer
2381,2023-11-04,West Midlands,Consumer
2382,2024-09-27,East Midlands,Consumer
2383,2025-06-12,South West,Consumer
2384,2023-03-17,West Midlands,Consumer
2385,2023-10-07,London,Consumer
2386,2024-07-22,North East,Consumer
2387,2023-03-28,East Midlands,Consumer
2388,2023-04-24,South East,Consumer
2389,2024-09-02,South East,Small Business
2390,2025-04-13,Yorkshire,Consumer
2391,2023-07-04,South West,Small Business
2392,2023-10-15,West Midlands,Consumer
2393,2025-10-21,South East,Consumer
2394,2025-12-11,North West,Consumer
2395,2023-07-04,West Midlands,Consumer
2396,2024-10-03,Yorkshire,Small Business
2397,2025-03-09,West Midlands,Small Business
2398,2024-03-22,East of England,Consumer
2399,2024-03-14,North West,Consumer
2400,2024-06-04,Wales,Consumer
2401,2025-12-28,Yorkshire,Consumer
2402,2023-08-20,Yorkshire,Consumer
2403,2025-08-30,North East,Consumer
2404,2024-07-22,East of England,Consumer
2405,2025-01-23,North West,Consumer
2406,2023-03-13,North East,Consumer
2407,2023-04-22,North East,Consumer
2408,2025-02-26,North West,Consumer
2409,2025-01-13,North East,Consumer
2410,2024-04-29,East Midlands,Consumer
2411,2025-03-15,North West,Consumer
2412,2024-04-27,North West,Consumer
2413,2023-11-25,East Midlands,Consumer
2414,2025-04-12,London,Consumer
2415,2023-06-14,East Midlands,Consumer
2416,2025-04-25,Yorkshire,Consumer
2417,2023-07-25,East of England,Consumer
2418,2025-11-02,South East,Consumer
2419,2024-10-31,East Midlands,Consumer
2420,2023-04-17,North East,Consumer
2421,2025-06-27,North East,Consumer
2422,2025-03-31,West Midlands,Consumer
2423,2024-10-04,Wales,Consumer
2424,2023-11-20,West Midlands,Consumer
2425,2023-09-24,Wales,Consumer
2426,2024-10-16,East Midlands,Consumer
2427,2023-10-01,North West,Consumer
2428,2024-11-01,North West,Consumer
2429,2025-04-28,Yorkshire,Consumer
2430,2025-02-11,Wales,Consumer
2431,2023-02-17,Scotland,Consumer
2432,2024-04-13,South East,Small Business
2433,2024-02-11,North West,Consumer
2434,2023-12-12,London,Consumer
2435,2025-05-28,Wales,Consumer
2436,2023-07-02,Yorkshire,Consumer
2437,2023-08-29,London,Consumer
2438,2025-06-10,East Midlands,Small Business
2439,2025-10-09,South East,Consumer
2440,2024-02-21,West Midlands,Small Business
2441,2024-06-29,North West,Consumer
2442,2025-02-21,East of England,Consumer
2443,2024-02-28,Wales,Consumer
2444,2024-08-02,North East,Consumer
2445,2024-01-05,South West,Consumer
2446,2023-02-28,North West,Small Business
2447,2024-04-27,Wales,Consumer
2448,2024-05-23,Yorkshire,Consumer
2449,2025-07-27,South East,Consumer
2450,2023-09-30,Yorkshire,Small Business
2451,2025-03-25,North East,Consumer
2452,2025-02-24,South West,Consumer
2453,2024-06-08,South East,Consumer
2454,2023-05-01,London,Consumer
2455,2024-04-25,East Midlands,Small Business
2456,2023-04-04,London,Consumer
2457,2025-02-19,North West,Small Business
2458,2025-01-29,East of England,Small Business
2459,2023-03-26,Wales,Consumer
2460,2023-12-14,Scotland,Consumer
2461,2024-11-25,East Midlands,Consumer
2462,2024-10-11,Scotland,Consumer
2463,2024-06-17,South East,Consumer
2464,2023-09-19,East Midlands,Small Business
2465,2024-07-29,Yorkshire,Small Business
2466,2024-08-02,North West,Consumer
2467,2024-06-24,Scotland,Consumer
2468,2023-12-04,Yorkshire,Consumer
2469,2025-10-03,East of England,Consumer
2470,2025-06-20,London,Consumer
2471,2023-04-22,West Midlands,Consumer
2472,2025-08-21,North West,Consumer
2473,2025-08-14,South West,Consumer
2474,2025-10-10,London,Consumer
2475,2025-09-20,East Midlands,Consumer
2476,2023-10-31,South East,Consumer
2477,2024-02-22,North West,Consumer
2478,2023-12-11,Scotland,Small Business
2479,2024-03-10,Wales,Small Business
2480,2023-01-09,Scotland,Consumer
2481,2024-01-05,South West,Small Business
2482,2024-05-19,East Midlands,Consumer
2483,2024-11-04,London,Consumer
2484,2023-09-07,South West,Consumer
2485,2023-08-06,Yorkshire,Consumer
2486,2023-06-16,East Midlands,Small Business
2487,2025-09-09,East Midlands,Consumer
2488,2024-07-05,Wales,Consumer
2489,2024-11-05,London,Consumer
2490,2025-07-16,Yorkshire,Small Business
2491,2023-09-22,West Midlands,Small Business
2492,2024-08-02,Yorkshire,Consumer
2493,2023-05-25,Scotland,Small Business
2494,2025-02-20,South East,Consumer
2495,2023-12-31,West Midlands,Small Business
2496,2025-03-27,South East,Consumer
2497,2024-03-02,East of England,Consumer
2498,2025-04-04,North West,Consumer
2499,2023-11-12,South East,Consumer
2500,2025-06-04,North West,Small Business
2501,2023-09-26,Yorkshire,Consumer
2502,2025-01-22,Scotland,Consumer
2503,2025-07-01,South West,Consumer
2504,2025-05-16,South East,Consumer
2505,2025-01-24,Wales,Consumer
2506,2025-05-22,South East,Consumer
2507,2024-11-30,East Midlands,Consumer
2508,2023-11-14,East Midlands,Consumer
2509,2025-12-10,South East,Consumer
2510,2025-06-14,South East,Small Business
2511,2025-09-05,North West,Consumer
2512,2023-09-19,North East,Small Business
2513,2024-05-24,Scotland,Consumer
2514,2023-04-08,Scotland,Consumer
2515,2023-04-03,Scotland,Consumer
2516,2025-05-20,South West,Consumer
2517,2024-06-02,Yorkshire,Consumer
2518,2023-06-17,Scotland,Consumer
2519,2025-08-05,East of England,Consumer
2520,2025-03-15,London,Consumer
2521,2024-09-01,Yorkshire,Consumer
2522,2025-07-20,North East,Consumer
2523,2024-06-26,Yorkshire,Small Business
2524,2024-01-19,West Midlands,Consumer
2525,2024-06-15,North East,Consumer
2526,2025-12-30,London,Consumer
2527,2023-08-27,London,Consumer
2528,2025-09-04,East Midlands,Consumer
2529,2025-09-23,North West,Consumer
2530,2025-01-08,North East,Small Business
2531,2025-03-19,North West,Consumer
2532,2023-10-04,London,Consumer
2533,2023-02-02,West Midlands,Small Business
2534,2024-03-04,East Midlands,Consumer
2535,2024-05-10,South West,Small Business
2536,2024-01-26,South East,Consumer
2537,2025-08-07,East of England,Consumer
2538,2023-02-14,South East,Consumer
2539,2023-11-09,East Midlands,Small Business
2540,2025-08-23,London,Small Business
2541,2024-05-11,West Midlands,Consumer
2542,2025-03-13,London,Consumer
2543,2023-07-30,North East,Small Business
2544,2025-06-03,South West,Small Business
2545,2024-08-18,London,Consumer
2546,2025-09-22,Scotland,Consumer
2547,2025-09-26,West Midlands,Consumer
2548,2025-12-17,London,Consumer
2549,2024-10-08,Scotland,Consumer
2550,2025-05-04,East Midlands,Consumer
2551,2024-12-11,East Midlands,Consumer
2552,2023-02-12,East of England,Consumer
2553,2024-01-29,East Midlands,Consumer
2554,2024-04-20,Scotland,Consumer
2555,2024-11-25,Wales,Small Business
2556,2025-08-17,East of England,Small Business
2557,2025-03-10,South West,Small Business
2558,2025-01-07,East Midlands,Consumer
2559,2023-11-28,Wales,Consumer
2560,2023-06-26,North East,Consumer
2561,2023-12-21,West Midlands,Consumer
2562,2025-10-04,South East,Consumer
2563,2025-10-08,North West,Consumer
2564,2023-04-07,London,Consumer
2565,2024-06-18,Yorkshire,Consumer
2566,2023-12-24,Scotland,Consumer
2567,2023-05-11,Yorkshire,Consumer
2568,2024-04-09,South East,Consumer
2569,2025-09-23,North West,Small Business
2570,2024-12-28,London,Consumer
2571,2024-07-01,East of England,Small Business
2572,2025-11-21,Wales,Consumer
2573,2023-04-14,East Midlands,Consumer
2574,2023-08-16,South East,Consumer
2575,2023-07-28,Scotland,Consumer
2576,2023-08-04,East of England,Consumer
2577,2024-02-25,Yorkshire,Consumer
2578,2024-08-21,East Midlands,Consumer
2579,2025-10-17,South East,Consumer
2580,2025-01-14,Yorkshire,Consumer
2581,2023-09-09,West Midlands,Consumer
2582,2025-05-01,London,Consumer
2583,2025-08-28,Yorkshire,Consumer
2584,2023-12-17,South East,Consumer
2585,2025-04-29,Yorkshire,Consumer
2586,2024-05-17,East of England,Consumer
2587,2025-12-20,South West,Consumer
2588,2023-10-10,South West,Consumer
2589,2025-04-18,East Midlands,Small Business
2590,2025-11-23,North East,Consumer
2591,2023-03-02,East Midlands,Consumer
2592,2023-01-21,Scotland,Small Business
2593,2023-06-23,Yorkshire,Consumer
2594,2023-12-03,South West,Consumer
2595,2023-03-17,North East,Small Business
2596,2023-11-06,Wales,Consumer
2597,2025-11-30,North West,Consumer
2598,2024-09-15,Yorkshire,Small Business
2599,2023-01-17,North West,Small Business
2600,2023-10-28,South West,Consumer
2601,2024-02-25,Scotland,Consumer
2602,2025-06-24,Yorkshire,Small Business
2603,2025-04-08,West Midlands,Small Business
2604,2023-06-22,London,Consumer
2605,2025-03-09,East of England,Consumer
2606,2024-08-04,West Midlands,Consumer
2607,2024-10-01,Scotland,Consumer
2608,2023-11-24,London,Consumer
2609,2024-06-13,West Midlands,Small Business
2610,2024-09-14,South West,Small Business
2611,2023-08-15,London,Small Business
2612,2024-06-15,North East,Consumer
2613,2023-09-11,London,Consumer
2614,2023-09-13,East Midlands,Consumer
2615,2023-01-11,East Midlands,Consumer
2616,2024-04-28,Wales,Consumer
2617,2025-12-28,Wales,Consumer
2618,2024-09-04,North West,Consumer
2619,2023-10-14,South West,Consumer
2620,2024-05-22,South East,Consumer
2621,2024-01-30,Yorkshire,Consumer
2622,2023-10-28,South West,Small Business
2623,2023-06-17,South East,Consumer
2624,2023-09-24,East Midlands,Consumer
2625,2023-06-09,Yorkshire,Consumer
2626,2025-04-04,Wales,Consumer
2627,2025-03-19,North West,Consumer
2628,2025-05-17,East Midlands,Consumer
2629,2025-09-29,South West,Small Business
2630,2023-10-23,Scotland,Consumer
2631,2025-07-26,East of England,Small Business
2632,2025-11-17,Scotland,Consumer
2633,2024-03-11,East Midlands,Consumer
2634,2023-11-18,Scotland,Consumer
2635,2023-09-01,Wales,Small Business
2636,2023-08-14,South East,Consumer
2637,2024-08-16,London,Consumer
2638,2023-08-30,Yorkshire,Consumer
2639,2025-02-05,North West,Consumer
2640,2023-02-27,East of England,Consumer
2641,2025-05-13,London,Small Business
2642,2024-09-16,North West,Consumer
2643,2025-09-28,London,Consumer
2644,2024-12-15,South East,Small Business
2645,2025-05-05,East Midlands,Consumer
2646,2025-07-15,Yorkshire,Consumer
2647,2025-08-31,Wales,Consumer
2648,2023-10-11,Scotland,Consumer
2649,2025-07-10,North East,Consumer
2650,2024-10-28,South East,Consumer
2651,2025-04-18,South West,Consumer
2652,2025-03-20,Yorkshire,Consumer
2653,2025-06-26,North West,Consumer
2654,2023-12-06,London,Consumer
2655,2024-09-24,Scotland,Consumer
2656,2023-06-24,West Midlands,Small Business
2657,2023-04-19,Wales,Consumer
2658,2025-09-01,Scotland,Small Business
2659,2023-09-04,North East,Small Business
2660,2024-01-04,London,Consumer
2661,2024-02-26,West Midlands,Small Business
2662,2025-06-28,South East,Consumer
2663,2024-10-18,South West,Consumer
2664,2025-10-03,London,Consumer
2665,2024-01-05,South West,Consumer
2666,2025-12-17,Yorkshire,Consumer
2667,2023-07-06,South East,Small Business
2668,2023-12-11,North West,Consumer
2669,2024-06-07,South East,Consumer
2670,2025-04-14,North East,Consumer
2671,2024-10-28,East of England,Consumer
2672,2023-04-30,North West,Consumer
2673,2024-10-17,East of England,Consumer
2674,2024-10-25,North West,Consumer
2675,2023-09-05,London,Consumer
2676,2024-04-29,East Midlands,Consumer
2677,2025-10-30,South West,Small Business
2678,2024-07-05,London,Consumer
2679,2025-04-13,South East,Consumer
2680,2025-04-14,North East,Consumer
2681,2023-02-08,North West,Consumer
2682,2023-07-27,West Midlands,Consumer
2683,2023-09-15,North West,Consumer
2684,2025-07-02,South East,Small Business
2685,2025-10-21,West Midlands,Consumer
2686,2023-10-19,Yorkshire,Consumer
2687,2023-12-11,West Midlands,Consumer
2688,2025-05-17,Scotland,Consumer
2689,2023-01-03,East Midlands,Small Business
2690,2024-08-15,North East,Small Business
2691,2023-01-02,London,Small Business
2692,2025-09-14,North West,Consumer
2693,2025-02-17,Yorkshire,Small Business
2694,2024-03-11,Wales,Small Business
2695,2024-07-30,London,Consumer
2696,2025-12-29,Wales,Consumer
2697,2023-07-03,South West,Consumer
2698,2023-10-14,Scotland,Small Business
2699,2025-06-03,West Midlands,Consumer
2700,2024-10-13,North East,Small Business
2701,2024-06-19,East Midlands,Consumer
2702,2024-10-20,Yorkshire,Consumer
2703,2024-11-03,London,Small Business
2704,2023-10-01,North East,Small Business
2705,2025-09-02,London,Small Business
2706,2023-12-22,South West,Consumer
2707,2025-09-28,South West,Consumer
2708,2023-06-08,Scotland,Consumer
2709,2025-06-30,North East,Consumer
2710,2025-02-09,Wales,Consumer
2711,2023-12-29,London,Consumer
2712,2025-01-28,West Midlands,Consumer
2713,2024-03-29,London,Consumer
2714,2025-01-02,West Midlands,Consumer
2715,2024-09-12,West Midlands,Consumer
2716,2025-10-08,Yorkshire,Consumer
2717,2025-10-06,Wales,Consumer
2718,2024-02-06,North East,Consumer
2719,2024-07-22,Wales,Consumer
2720,2023-12-16,Scotland,Consumer
2721,2023-12-26,South East,Consumer
2722,2023-05-14,East of England,Consumer
2723,2024-04-11,Scotland,Consumer
2724,2024-07-15,West Midlands,Small Business
2725,2023-02-17,North East,Consumer
2726,2024-06-01,North East,Consumer
2727,2025-07-18,London,Small Business
2728,2023-04-17,Yorkshire,Consumer
2729,2025-04-13,North West,Consumer
2730,2025-11-27,East Midlands,Consumer
2731,2025-11-25,London,Small Business
2732,2024-04-04,London,Consumer
2733,2025-05-10,Scotland,Consumer
2734,2023-01-11,South West,Consumer
2735,2023-06-17,Wales,Consumer
2736,2024-04-07,South West,Small Business
2737,2024-05-26,West Midlands,Consumer
2738,2024-09-28,South East,Consumer
2739,2023-07-18,London,Consumer
2740,2023-02-19,Wales,Consumer
2741,2024-11-15,North West,Consumer
2742,2025-08-27,West Midlands,Small Business
2743,2023-04-22,Yorkshire,Consumer
2744,2024-04-29,South East,Consumer
2745,2025-06-17,South East,Consumer
2746,2023-09-13,South East,Small Business
2747,2023-03-10,South West,Consumer
2748,2023-05-14,East of England,Consumer
2749,2025-06-24,London,Consumer
2750,2025-06-03,South East,Consumer
2751,2023-04-25,Scotland,Consumer
2752,2025-02-20,South West,Consumer
2753,2025-04-21,West Midlands,Small Business
2754,2023-01-22,East Midlands,Consumer
2755,2025-05-26,Wales,Consumer
2756,2024-11-26,North East,Small Business
2757,2023-02-23,East Midlands,Consumer
2758,2024-01-30,South East,Consumer
2759,2023-05-19,Wales,Consumer
2760,2024-02-01,Wales,Consumer
2761,2025-11-08,North West,Consumer
2762,2025-09-12,Wales,Consumer
2763,2024-05-12,East of England,Consumer
2764,2023-05-04,East of England,Consumer
2765,2025-06-11,Scotland,Small Business
2766,2025-01-02,North West,Consumer
2767,2023-10-26,East of England,Consumer
2768,2024-12-03,North West,Consumer
2769,2023-01-17,Scotland,Consumer
2770,2023-10-24,London,Consumer
2771,2023-04-22,South West,Consumer
2772,2024-02-15,North East,Small Business
2773,2023-05-21,Yorkshire,Consumer
2774,2025-09-01,East Midlands,Consumer
2775,2024-11-09,Wales,Consumer
2776,2024-11-18,Wales,Consumer
2777,2024-11-04,East of England,Consumer
2778,2023-03-28,East Midlands,Consumer
2779,2023-01-08,North East,Consumer
2780,2024-04-16,East Midlands,Consumer
2781,2024-05-04,East Midlands,Consumer
2782,2024-11-09,South West,Consumer
2783,2024-01-13,London,Consumer
2784,2023-06-01,Yorkshire,Consumer
2785,2023-08-24,East of England,Consumer
2786,2024-02-03,North East,Consumer
2787,2025-01-07,London,Small Business
2788,2024-02-12,West Midlands,Consumer
2789,2024-03-24,North West,Consumer
2790,2024-11-26,Scotland,Consumer
2791,2024-02-06,London,Consumer
2792,2024-06-20,South East,Consumer
2793,2023-10-09,South West,Consumer
2794,2023-08-16,Yorkshire,Small Business
2795,2024-09-16,East Midlands,Consumer
2796,2025-02-01,North East,Consumer
2797,2025-12-15,Wales,Small Business
2798,2023-05-14,South East,Consumer
2799,2023-09-25,West Midlands,Consumer
2800,2025-02-13,Yorkshire,Consumer
2801,2025-05-29,North East,Consumer
2802,2023-04-05,Wales,Consumer
2803,2024-08-25,East of England,Consumer
2804,2023-04-20,North East,Consumer
2805,2023-09-16,Scotland,Small Business
2806,2025-09-28,West Midlands,Consumer
2807,2025-08-21,North East,Consumer
2808,2023-12-09,Scotland,Consumer
2809,2025-11-08,Yorkshire,Consumer
2810,2025-08-08,East of England,Consumer
2811,2025-02-04,Scotland,Consumer
2812,2025-10-10,East Midlands,Consumer
2813,2025-04-01,North East,Small Business
2814,2023-03-16,West Midlands,Consumer
2815,2024-02-20,East Midlands,Small Business
2816,2025-03-21,West Midlands,Consumer
2817,2025-02-11,Wales,Consumer
2818,2025-02-05,North West,Consumer
2819,2023-10-03,South East,Consumer
2820,2025-11-28,Yorkshire,Consumer
2821,2023-03-26,East Midlands,Consumer
2822,2024-11-19,South West,Consumer
2823,2025-06-04,South West,Consumer
2824,2025-10-15,Yorkshire,Consumer
2825,2023-02-20,East of England,Consumer
2826,2024-06-27,North East,Consumer
2827,2023-06-18,North West,Small Business
2828,2025-11-16,Scotland,Consumer
2829,2024-07-20,West Midlands,Consumer
2830,2023-05-27,Yorkshire,Consumer
2831,2024-02-15,Yorkshire,Consumer
2832,2024-11-05,North West,Consumer
2833,2024-07-16,West Midlands,Consumer
2834,2023-10-10,Scotland,Small Business
2835,2023-01-18,North West,Consumer
2836,2024-12-10,South West,Small Business
2837,2023-01-25,East Midlands,Consumer
2838,2023-11-02,South West,Consumer
2839,2024-03-05,East Midlands,Consumer
2840,2025-08-17,East Midlands,Consumer
2841,2023-06-25,Yorkshire,Small Business
2842,2025-05-28,South West,Consumer
2843,2025-07-10,Scotland,Consumer
2844,2023-10-12,Wales,Small Business
2845,2024-09-17,London,Consumer
2846,2024-12-27,Yorkshire,Consumer
2847,2025-05-21,North East,Consumer
2848,2024-09-05,Yorkshire,Consumer
2849,2023-03-07,East of England,Consumer
2850,2024-11-07,Wales,Consumer
2851,2025-03-11,South West,Consumer
2852,2025-03-11,South East,Consumer
2853,2024-01-21,East Midlands,Consumer
2854,2025-07-13,North East,Small Business
2855,2023-07-10,East of England,Consumer
2856,2023-12-30,London,Small Business
2857,2025-09-27,London,Consumer
2858,2023-05-23,South West,Consumer
2859,2024-04-22,North West,Consumer
2860,2023-05-24,East Midlands,Consumer
2861,2025-11-27,London,Consumer
2862,2025-04-21,South West,Consumer
2863,2023-08-15,East of England,Consumer
2864,2025-09-06,South East,Consumer
2865,2024-02-27,East of England,Small Business
2866,2024-09-26,South West,Consumer
2867,2025-08-30,East of England,Consumer
2868,2024-09-27,Wales,Consumer
2869,2025-07-28,North West,Consumer
2870,2023-10-20,East Midlands,Consumer
2871,2025-03-28,Wales,Consumer
2872,2025-12-12,Yorkshire,Small Business
2873,2025-10-02,East Midlands,Consumer
2874,2023-03-22,South East,Consumer
2875,2025-07-23,Yorkshire,Consumer
2876,2024-09-01,South West,Consumer
2877,2023-12-25,South West,Consumer
2878,2025-06-03,East Midlands,Consumer
2879,2024-01-11,Wales,Consumer
2880,2023-03-31,West Midlands,Small Business
2881,2023-11-20,North West,Small Business
2882,2024-08-20,North East,Small Business
2883,2024-03-20,East Midlands,Consumer
2884,2023-09-06,Yorkshire,Consumer
2885,2023-08-04,Scotland,Consumer
2886,2024-10-29,South West,Consumer
2887,2024-06-01,West Midlands,Consumer
2888,2025-08-04,London,Consumer
2889,2025-08-03,South West,Consumer
2890,2025-03-28,West Midlands,Consumer
2891,2023-01-22,North West,Consumer
2892,2023-10-07,Yorkshire,Consumer
2893,2025-08-08,East Midlands,Consumer
2894,2023-06-19,Scotland,Consumer
2895,2025-06-15,East of England,Consumer
2896,2024-07-25,East of England,Consumer
2897,2023-02-06,Wales,Consumer
2898,2024-08-25,South East,Consumer
2899,2025-03-11,East of England,Consumer
2900,2023-01-23,North East,Consumer
2901,2025-06-21,Yorkshire,Consumer
2902,2023-03-12,North East,Consumer
2903,2025-06-24,London,Small Business
2904,2025-12-06,North East,Consumer
2905,2023-07-30,South West,Consumer
2906,2025-06-28,London,Consumer
2907,2023-04-10,South West,Consumer
2908,2024-05-26,Yorkshire,Small Business
2909,2024-02-14,South East,Consumer
2910,2023-02-27,London,Consumer
2911,2024-01-29,North East,Consumer
2912,2024-03-27,South East,Consumer
2913,2023-12-10,East of England,Consumer
2914,2025-11-15,South East,Consumer
2915,2024-10-22,Scotland,Consumer
2916,2024-02-29,Scotland,Consumer
2917,2025-05-26,South East,Consumer
2918,2023-08-05,Yorkshire,Consumer
2919,2023-01-31,South West,Consumer
2920,2023-01-25,South West,Consumer
2921,2024-03-26,South East,Consumer
2922,2024-07-24,North East,Consumer
2923,2023-03-31,South East,Small Business
2924,2025-04-21,North West,Consumer
2925,2025-10-20,South East,Consumer
2926,2023-12-18,North West,Small Business
2927,2024-10-26,North East,Consumer
2928,2023-09-30,Yorkshire,Consumer
2929,2024-10-13,North East,Consumer
2930,2024-11-17,London,Consumer
2931,2025-07-08,South West,Consumer
2932,2024-04-21,Scotland,Consumer
2933,2023-01-28,West Midlands,Consumer
2934,2023-09-12,North West,Consumer
2935,2025-05-27,West Midlands,Consumer
2936,2023-05-03,East of England,Consumer
2937,2024-08-30,West Midlands,Consumer
2938,2024-02-23,North East,Consumer
2939,2025-06-27,Yorkshire,Consumer
2940,2024-10-12,North East,Consumer
2941,2023-03-23,Scotland,Consumer
2942,2025-04-29,North East,Consumer
2943,2023-02-18,West Midlands,Small Business
2944,2024-11-09,Yorkshire,Consumer
2945,2023-04-21,North East,Small Business
2946,2024-03-31,Wales,Small Business
2947,2025-12-03,Yorkshire,Consumer
2948,2023-01-13,South East,Small Business
2949,2023-05-24,West Midlands,Consumer
2950,2023-10-17,West Midlands,Consumer
2951,2023-12-22,Wales,Consumer
2952,2024-02-23,West Midlands,Consumer
2953,2025-05-22,East Midlands,Consumer
2954,2024-02-09,West Midlands,Consumer
2955,2024-05-24,North West,Consumer
2956,2025-07-07,North East,Consumer
2957,2025-09-12,South East,Small Business
2958,2025-01-06,South West,Consumer
2959,2025-08-22,East Midlands,Consumer
2960,2025-06-06,East of England,Consumer
2961,2025-09-14,London,Consumer
2962,2025-05-25,South East,Consumer
2963,2024-09-06,Wales,Consumer
2964,2023-12-26,North West,Consumer
2965,2024-09-18,East Midlands,Consumer
2966,2025-09-11,South East,Consumer
2967,2025-08-19,West Midlands,Consumer
2968,2024-01-24,London,Consumer
2969,2025-10-22,Yorkshire,Consumer
2970,2025-05-01,South West,Small Business
2971,2025-02-03,South West,Consumer
2972,2023-05-26,South West,Small Business
2973,2023-09-12,South West,Small Business
2974,2023-11-29,West Midlands,Consumer
2975,2024-06-06,Yorkshire,Consumer
2976,2025-09-27,North East,Consumer
2977,2023-04-29,North East,Consumer
2978,2025-05-18,West Midlands,Consumer
2979,2023-03-12,Yorkshire,Consumer
2980,2023-02-27,North East,Consumer
2981,2024-06-19,Wales,Consumer
2982,2023-10-29,North West,Consumer
2983,2023-11-27,London,Consumer
2984,2023-07-09,North East,Consumer
2985,2025-02-26,South West,Consumer
2986,2023-06-14,Scotland,Small Business
2987,2025-05-16,East of England,Small Business
2988,2024-06-01,North West,Consumer
2989,2025-12-27,North East,Small Business
2990,2024-09-22,South West,Consumer
2991,2023-07-02,South East,Consumer
2992,2024-12-06,East of England,Consumer
2993,2024-03-05,South West,Consumer
2994,2023-01-14,East of England,Consumer
2995,2023-01-04,South East,Consumer
2996,2025-05-05,Scotland,Consumer
2997,2024-08-13,South West,Consumer
2998,2025-02-06,East of England,Consumer
2999,2024-02-10,East Midlands,Consumer
3000,2023-08-14,East Midlands,Consumer
3001,2024-03-11,East of England,Consumer
3002,2024-01-10,West Midlands,Consumer
3003,2025-04-17,East Midlands,Consumer
3004,2023-08-12,North East,Consumer
3005,2024-08-23,South East,Consumer
3006,2024-07-20,South East,Consumer
3007,2024-04-25,East Midlands,Consumer
3008,2023-07-26,London,Consumer
3009,2023-01-15,North East,Consumer
3010,2023-03-27,South East,Consumer
3011,2023-01-15,South West,Consumer
3012,2024-06-28,East Midlands,Consumer
3013,2024-11-21,Wales,Consumer
3014,2025-01-29,North East,Small Business
3015,2024-10-07,West Midlands,Small Business
3016,2025-03-27,South West,Consumer
3017,2024-12-30,Yorkshire,Consumer
3018,2023-01-07,East Midlands,Small Business
3019,2025-04-02,East of England,Consumer
3020,2023-09-09,Scotland,Consumer
3021,2024-05-24,Yorkshire,Consumer
3022,2025-08-31,Scotland,Consumer
3023,2024-01-20,London,Small Business
3024,2024-10-21,London,Consumer
3025,2023-04-04,Yorkshire,Consumer
3026,2024-04-23,Wales,Consumer
3027,2023-06-16,Yorkshire,Consumer
3028,2025-09-02,North East,Small Business
3029,2023-07-25,South West,Consumer
3030,2024-02-04,East of England,Small Business
3031,2025-10-30,London,Consumer
3032,2023-06-28,North West,Small Business
3033,2025-08-14,East of England,Small Business
3034,2023-08-25,East Midlands,Consumer
3035,2024-05-08,West Midlands,Consumer
3036,2023-07-03,South East,Consumer
3037,2023-03-01,East of England,Small Business
3038,2024-10-30,South West,Consumer
3039,2024-03-27,North West,Consumer
3040,2023-09-10,North East,Consumer
3041,2025-12-30,North East,Consumer
3042,2023-07-05,Yorkshire,Small Business
3043,2023-05-13,North East,Consumer
3044,2025-02-20,North East,Consumer
3045,2025-06-13,West Midlands,Consumer
3046,2023-08-25,North West,Consumer
3047,2023-07-02,Yorkshire,Consumer
3048,2024-01-21,South East,Consumer
3049,2023-09-18,Yorkshire,Small Business
3050,2023-01-04,North West,Consumer
3051,2024-01-24,South West,Small Business
3052,2024-10-16,Yorkshire,Consumer
3053,2023-09-16,Scotland,Consumer
3054,2024-03-30,South East,Consumer
3055,2025-08-01,Yorkshire,Consumer
3056,2024-08-30,West Midlands,Consumer
3057,2025-07-22,East of England,Consumer
3058,2023-10-26,North East,Small Business
3059,2023-03-12,Wales,Consumer
3060,2025-10-25,South East,Consumer
3061,2025-09-06,North East,Small Business
3062,2025-10-10,North West,Consumer
3063,2025-02-10,London,Small Business
3064,2024-11-13,East of England,Small Business
3065,2024-03-07,West Midlands,Consumer
3066,2023-04-18,East of England,Small Business
3067,2025-03-13,North West,Small Business
3068,2023-11-23,London,Consumer
3069,2024-11-22,South West,Consumer
3070,2024-12-14,South West,Consumer
3071,2025-12-17,North West,Consumer
3072,2024-02-04,Scotland,Consumer
3073,2023-09-26,Yorkshire,Consumer
3074,2023-04-21,North West,Consumer
3075,2023-12-02,Wales,Consumer
3076,2025-09-15,North West,Small Business
3077,2024-03-05,West Midlands,Consumer
3078,2024-02-05,North East,Consumer
3079,2023-07-28,North East,Consumer
3080,2023-10-30,South West,Small Business
3081,2025-05-24,North East,Small Business
3082,2023-04-26,South East,Consumer
3083,2025-08-28,East of England,Small Business
3084,2023-08-29,Scotland,Consumer
3085,2025-06-07,East of England,Consumer
3086,2025-04-07,West Midlands,Consumer
3087,2024-05-08,South West,Consumer
3088,2023-12-20,North East,Consumer
3089,2023-07-03,East Midlands,Small Business
3090,2025-02-21,North West,Consumer
3091,2025-06-30,Yorkshire,Consumer
3092,2023-08-27,South East,Consumer
3093,2025-11-09,West Midlands,Consumer
3094,2025-09-09,North West,Consumer
3095,2023-07-13,Wales,Consumer
3096,2025-09-18,North East,Consumer
3097,2024-09-03,Wales,Consumer
3098,2024-10-28,South East,Consumer
3099,2024-01-14,South West,Consumer
3100,2023-02-10,South West,Consumer
3101,2025-12-21,East Midlands,Consumer
3102,2023-09-12,West Midlands,Small Business
3103,2023-08-29,East of England,Small Business
3104,2024-01-04,London,Consumer
3105,2024-10-05,South East,Consumer
3106,2024-02-27,North East,Consumer
3107,2024-06-09,London,Consumer
3108,2023-09-13,Scotland,Consumer
3109,2023-12-18,South West,Small Business
3110,2023-01-01,West Midlands,Consumer
3111,2025-11-29,North West,Consumer
3112,2025-06-30,East of England,Consumer
3113,2024-10-02,Scotland,Small Business
3114,2024-12-22,Wales,Consumer
3115,2024-03-05,South East,Consumer
3116,2023-04-02,West Midlands,Consumer
3117,2023-10-18,North West,Small Business
3118,2024-03-16,East of England,Consumer
3119,2024-03-18,Wales,Consumer
3120,2023-09-21,Wales,Consumer
3121,2024-06-06,North West,Consumer
3122,2023-12-01,South West,Consumer
3123,2024-06-04,North East,Consumer
3124,2023-10-21,Scotland,Consumer
3125,2024-07-05,North East,Consumer
3126,2024-01-30,Yorkshire,Consumer
3127,2025-11-13,Wales,Consumer
3128,2023-11-11,Yorkshire,Small Business
3129,2025-06-07,South West,Consumer
3130,2024-05-21,South East,Consumer
3131,2025-12-24,South East,Consumer
3132,2025-04-13,South East,Consumer
3133,2023-07-02,Yorkshire,Small Business
3134,2024-07-13,East of England,Small Business
3135,2024-04-07,North West,Consumer
3136,2025-02-11,West Midlands,Consumer
3137,2023-08-04,South East,Consumer
3138,2024-09-19,Wales,Small Business
3139,2025-09-29,South East,Consumer
3140,2024-07-31,Scotland,Consumer
3141,2023-07-22,London,Consumer
3142,2025-03-08,East of England,Consumer
3143,2025-12-24,Scotland,Consumer
3144,2025-04-04,East Midlands,Consumer
3145,2024-06-14,London,Consumer
3146,2023-11-15,North East,Consumer
3147,2025-02-14,Wales,Consumer
3148,2023-04-19,North East,Small Business
3149,2024-05-25,North East,Consumer
3150,2025-07-26,East of England,Consumer
3151,2024-12-25,East Midlands,Consumer
3152,2024-07-18,South West,Consumer
3153,2024-04-13,North West,Consumer
3154,2023-06-28,North West,Consumer
3155,2024-10-02,South East,Consumer
3156,2023-06-07,West Midlands,Small Business
3157,2023-12-05,Wales,Consumer
3158,2024-08-08,Scotland,Small Business
3159,2023-01-22,South West,Consumer
3160,2023-10-07,East Midlands,Consumer
3161,2025-12-26,South East,Consumer
3162,2024-01-25,London,Consumer
3163,2025-12-30,Yorkshire,Consumer
3164,2025-12-17,North East,Consumer
3165,2025-07-07,East of England,Consumer
3166,2025-12-08,West Midlands,Consumer
3167,2025-01-21,East of England,Consumer
3168,2023-04-15,South West,Consumer
3169,2023-12-16,Yorkshire,Small Business
3170,2024-11-23,North East,Consumer
3171,2023-08-30,North West,Consumer
3172,2024-08-24,North West,Consumer
3173,2025-03-17,West Midlands,Small Business
3174,2025-11-21,London,Small Business
3175,2025-09-26,London,Consumer
3176,2025-07-31,Yorkshire,Consumer
3177,2023-08-08,London,Consumer
3178,2024-01-17,South West,Consumer
3179,2023-07-27,South West,Consumer
3180,2023-06-23,Scotland,Consumer
3181,2023-11-11,South West,Consumer
3182,2025-09-25,London,Consumer
3183,2024-05-27,West Midlands,Consumer
3184,2025-02-05,North West,Consumer
3185,2024-01-09,Scotland,Consumer
3186,2023-08-11,East Midlands,Consumer
3187,2025-06-18,East of England,Consumer
3188,2025-06-07,London,Consumer
3189,2024-02-11,South East,Consumer
3190,2023-03-24,East of England,Consumer
3191,2024-11-09,London,Consumer
3192,2024-02-12,East Midlands,Small Business
3193,2024-06-28,South East,Consumer
3194,2025-10-11,North East,Consumer
3195,2024-10-27,South West,Consumer
3196,2025-03-07,East of England,Consumer
3197,2023-08-09,London,Consumer
3198,2024-12-05,Scotland,Consumer
3199,2024-04-29,London,Consumer
3200,2024-12-01,South West,Small Business
3201,2023-01-17,South West,Consumer
3202,2024-07-31,East Midlands,Consumer
3203,2025-05-28,West Midlands,Consumer
3204,2025-11-13,East of England,Consumer
3205,2023-08-24,North West,Small Business
3206,2024-05-21,North East,Small Business
3207,2024-02-11,East Midlands,Consumer
3208,2023-07-31,Scotland,Consumer
3209,2024-01-22,Wales,Consumer
3210,2023-11-01,West Midlands,Consumer
3211,2025-04-01,London,Consumer
3212,2024-01-29,East of England,Consumer
3213,2024-02-13,South East,Small Business
3214,2025-02-17,South West,Consumer
3215,2024-04-18,West Midlands,Consumer
3216,2025-09-08,London,Consumer
3217,2023-04-16,North West,Consumer
3218,2025-01-14,North West,Small Business
3219,2025-05-06,West Midlands,Consumer
3220,2023-04-08,East of England,Consumer
3221,2023-04-17,North East,Consumer
3222,2024-03-10,North West,Consumer
3223,2023-07-26,South West,Consumer
3224,2025-10-03,Yorkshire,Consumer
3225,2023-08-17,South East,Consumer
3226,2023-09-24,Yorkshire,Consumer
3227,2025-01-10,Wales,Consumer
3228,2025-01-31,West Midlands,Consumer
3229,2024-03-06,Wales,Consumer
3230,2023-08-06,East of England,Consumer
3231,2023-09-04,London,Consumer
3232,2024-01-26,West Midlands,Consumer
3233,2023-07-22,South East,Small Business
3234,2024-12-03,North West,Consumer
3235,2024-02-18,Scotland,Consumer
3236,2023-03-31,East of England,Consumer
3237,2024-06-01,Scotland,Small Business
3238,2025-01-19,East Midlands,Consumer
3239,2023-08-29,South West,Consumer
3240,2025-05-08,Scotland,Small Business
3241,2025-10-28,London,Consumer
3242,2024-07-15,East of England,Consumer
3243,2023-05-05,West Midlands,Consumer
3244,2025-03-25,East Midlands,Consumer
3245,2025-11-17,South East,Consumer
3246,2025-11-09,South West,Consumer
3247,2025-03-10,South West,Consumer
3248,2024-02-28,East of England,Consumer
3249,2024-03-22,Wales,Consumer
3250,2025-11-16,East Midlands,Consumer
3251,2025-12-11,North West,Consumer
3252,2024-03-27,North West,Consumer
3253,2023-09-01,East of England,Consumer
3254,2025-12-28,West Midlands,Consumer
3255,2023-10-31,North West,Small Business
3256,2024-07-07,London,Consumer
3257,2024-05-24,West Midlands,Consumer
3258,2023-01-03,North East,Consumer
3259,2025-01-25,Yorkshire,Consumer
3260,2024-06-24,East of England,Consumer
3261,2024-08-26,Yorkshire,Small Business
3262,2023-01-22,Yorkshire,Consumer
3263,2024-07-26,East of England,Consumer
3264,2023-02-02,Scotland,Consumer
3265,2023-08-06,South West,Small Business
3266,2024-06-11,North East,Consumer
3267,2024-02-27,East Midlands,Consumer
3268,2024-07-04,West Midlands,Consumer
3269,2025-03-20,East of England,Consumer
3270,2025-06-07,Yorkshire,Consumer
3271,2025-09-08,South East,Consumer
3272,2025-07-29,East of England,Consumer
3273,2023-12-27,West Midlands,Consumer
3274,2024-01-05,North East,Consumer
3275,2024-09-27,East of England,Small Business
3276,2025-03-18,North East,Consumer
3277,2023-05-23,East of England,Consumer
3278,2024-05-17,East Midlands,Small Business
3279,2025-04-04,South East,Consumer
3280,2023-10-09,London,Consumer
3281,2025-02-12,South West,Consumer
3282,2023-01-28,North East,Small Business
3283,2023-09-28,West Midlands,Consumer
3284,2024-07-02,East of England,Small Business
3285,2023-01-28,London,Small Business
3286,2023-08-06,Scotland,Consumer
3287,2024-11-24,South East,Consumer
3288,2025-09-10,Wales,Small Business
3289,2023-12-01,North West,Consumer
3290,2023-11-13,West Midlands,Consumer
3291,2024-07-01,North East,Consumer
3292,2023-02-13,London,Consumer
3293,2024-08-30,South East,Consumer
3294,2025-04-30,East of England,Consumer
3295,2024-04-04,London,Consumer
3296,2025-02-28,East of England,Consumer
3297,2024-08-10,West Midlands,Small Business
3298,2025-02-26,North East,Small Business
3299,2023-08-19,East Midlands,Consumer
3300,2023-08-14,West Midlands,Consumer
3301,2024-07-31,Yorkshire,Consumer
3302,2024-11-14,South East,Consumer
3303,2023-06-23,London,Consumer
3304,2023-12-31,South West,Consumer
3305,2024-01-07,North East,Consumer
3306,2024-09-09,Wales,Consumer
3307,2024-12-14,South East,Consumer
3308,2025-10-19,North East,Consumer
3309,2024-06-27,South East,Consumer
3310,2023-11-01,North East,Consumer
3311,2023-10-30,South West,Consumer
3312,2025-09-06,South East,Consumer
3313,2025-05-25,North West,Consumer
3314,2024-10-23,East of England,Consumer
3315,2025-02-27,Yorkshire,Consumer
3316,2025-05-18,East Midlands,Consumer
3317,2025-04-27,Wales,Consumer
3318,2024-11-13,East of England,Consumer
3319,2024-05-18,South West,Consumer
3320,2025-10-15,Scotland,Consumer
3321,2025-12-26,Scotland,Small Business
3322,2025-02-26,South East,Consumer
3323,2025-05-13,Scotland,Consumer
3324,2024-03-25,South East,Consumer
3325,2023-01-06,West Midlands,Small Business
3326,2023-02-05,Yorkshire,Consumer
3327,2023-10-01,South East,Consumer
3328,2024-12-16,Yorkshire,Small Business
3329,2023-10-13,North West,Consumer
3330,2025-05-12,West Midlands,Consumer
3331,2024-04-04,London,Consumer
3332,2023-08-29,East of England,Consumer
3333,2023-02-23,South West,Consumer
3334,2023-08-06,North East,Consumer
3335,2025-09-03,Wales,Small Business
3336,2023-03-03,East of England,Consumer
3337,2023-06-11,West Midlands,Consumer
3338,2025-05-02,East of England,Consumer
3339,2025-08-20,East of England,Consumer
3340,2024-09-05,East Midlands,Consumer
3341,2024-11-21,East Midlands,Consumer
3342,2023-01-28,North West,Consumer
3343,2023-05-03,North East,Consumer
3344,2023-12-22,Scotland,Consumer
3345,2025-03-22,South West,Consumer
3346,2025-07-19,Scotland,Consumer
3347,2024-06-12,Wales,Consumer
3348,2024-04-10,South West,Small Business
3349,2024-07-10,South East,Consumer
3350,2023-09-14,West Midlands,Consumer
3351,2023-04-25,West Midlands,Consumer
3352,2023-06-08,East Midlands,Consumer
3353,2025-04-09,South West,Consumer
3354,2025-01-30,North East,Consumer
3355,2024-07-06,South East,Consumer
3356,2025-01-12,Wales,Consumer
3357,2024-11-18,London,Consumer
3358,2023-11-30,Scotland,Consumer
3359,2024-03-09,Wales,Consumer
3360,2024-09-25,West Midlands,Consumer
3361,2023-03-08,West Midlands,Consumer
3362,2023-04-02,Wales,Small Business
3363,2025-09-17,London,Consumer
3364,2023-07-10,North West,Consumer
3365,2024-12-31,North West,Small Business
3366,2025-10-21,West Midlands,Consumer
3367,2025-03-11,Yorkshire,Small Business
3368,2023-07-19,Yorkshire,Consumer
3369,2025-10-28,South East,Consumer
3370,2023-11-04,London,Consumer
3371,2025-02-21,East Midlands,Consumer
3372,2023-03-18,North West,Consumer
3373,2025-08-06,South East,Small Business
3374,2023-07-11,West Midlands,Small Business
3375,2023-10-16,East of England,Small Business
3376,2025-10-24,Scotland,Small Business
3377,2025-12-07,Yorkshire,Consumer
3378,2023-09-26,Yorkshire,Consumer
3379,2025-06-01,London,Small Business
3380,2025-03-04,West Midlands,Consumer
3381,2023-06-03,East of England,Consumer
3382,2025-10-15,South East,Consumer
3383,2023-10-20,North West,Consumer
3384,2023-06-28,East Midlands,Consumer
3385,2024-10-04,East of England,Small Business
3386,2023-11-27,South East,Consumer
3387,2025-01-14,Yorkshire,Consumer
3388,2024-01-02,East Midlands,Consumer
3389,2025-08-27,North West,Consumer
3390,2025-06-24,North East,Small Business
3391,2023-09-11,Wales,Consumer
3392,2025-01-14,North West,Consumer
3393,2023-09-22,East Midlands,Consumer
3394,2024-10-04,Yorkshire,Consumer
3395,2025-04-26,Scotland,Consumer
3396,2023-03-29,Wales,Small Business
3397,2023-04-27,West Midlands,Consumer
3398,2023-01-17,East of England,Small Business
3399,2024-08-18,South West,Consumer
3400,2025-03-28,South East,Consumer
3401,2025-08-04,North East,Consumer
3402,2025-08-12,East Midlands,Consumer
3403,2025-08-10,South East,Consumer
3404,2023-08-10,South West,Consumer
3405,2024-02-13,South West,Consumer
3406,2024-10-11,Yorkshire,Small Business
3407,2025-09-22,West Midlands,Consumer
3408,2025-09-02,South East,Consumer
3409,2023-03-20,Scotland,Consumer
3410,2025-08-20,East of England,Consumer
3411,2024-10-17,Wales,Consumer
3412,2025-02-17,London,Small Business
3413,2025-01-10,South West,Small Business
3414,2024-03-13,London,Consumer
3415,2023-02-16,North East,Consumer
3416,2024-05-31,North East,Consumer
3417,2023-10-18,South East,Consumer
3418,2023-06-17,North West,Small Business
3419,2025-07-13,South West,Consumer
3420,2024-06-15,East of England,Small Business
3421,2023-07-09,South West,Consumer
3422,2024-08-31,East of England,Consumer
3423,2025-05-08,East Midlands,Consumer
3424,2023-11-26,South West,Consumer
3425,2025-03-07,London,Consumer
3426,2024-02-11,South East,Consumer
3427,2023-10-24,Yorkshire,Consumer
3428,2024-10-10,London,Consumer
3429,2025-07-28,East of England,Consumer
3430,2024-10-10,South East,Consumer
3431,2025-04-12,North West,Consumer
3432,2023-01-08,East Midlands,Small Business
3433,2023-09-15,North East,Consumer
3434,2023-07-19,London,Consumer
3435,2024-01-20,South West,Consumer
3436,2023-12-07,Wales,Consumer
3437,2024-12-13,West Midlands,Small Business
3438,2023-01-30,Yorkshire,Consumer
3439,2023-02-03,North West,Small Business
3440,2025-10-25,South East,Consumer
3441,2025-07-22,South West,Consumer
3442,2024-12-22,Scotland,Consumer
3443,2024-11-18,South East,Small Business
3444,2025-07-28,South West,Consumer
3445,2023-11-30,Scotland,Consumer
3446,2024-08-06,North East,Consumer
3447,2025-06-14,North East,Consumer
3448,2023-07-23,South East,Consumer
3449,2023-08-01,South East,Consumer
3450,2025-04-22,South East,Consumer
3451,2023-07-24,North East,Consumer
3452,2023-03-08,North East,Consumer
3453,2025-05-11,West Midlands,Consumer
3454,2025-07-20,Scotland,Consumer
3455,2024-02-05,East Midlands,Small Business
3456,2024-12-19,East Midlands,Consumer
3457,2025-03-21,London,Small Business
3458,2024-04-03,Scotland,Consumer
3459,2024-06-25,North West,Small Business
3460,2025-04-29,North East,Consumer
3461,2025-04-29,London,Consumer
3462,2023-11-11,Yorkshire,Small Business
3463,2025-11-28,Wales,Consumer
3464,2023-12-16,Wales,Small Business
3465,2024-05-10,Scotland,Small Business
3466,2024-01-30,Wales,Consumer
3467,2023-04-16,Wales,Consumer
3468,2025-03-10,East of England,Consumer
3469,2024-10-13,Scotland,Consumer
3470,2024-04-18,South East,Consumer
3471,2023-09-16,Scotland,Consumer
3472,2025-03-13,North East,Small Business
3473,2023-11-22,Yorkshire,Consumer
3474,2023-07-11,London,Consumer
3475,2023-11-10,London,Consumer
3476,2023-06-11,Wales,Consumer
3477,2023-09-25,East Midlands,Consumer
3478,2025-01-03,East of England,Consumer
3479,2024-03-30,North West,Consumer
3480,2024-05-17,South West,Consumer
3481,2023-04-16,North West,Consumer
3482,2023-10-22,North East,Consumer
3483,2023-07-31,South East,Consumer
3484,2023-09-09,South East,Consumer
3485,2024-06-20,East of England,Consumer
3486,2025-10-09,Yorkshire,Small Business
3487,2024-03-01,South West,Consumer
3488,2023-02-14,South West,Consumer
3489,2023-06-06,West Midlands,Consumer
3490,2025-02-07,Yorkshire,Consumer
3491,2025-07-12,East of England,Consumer
3492,2023-01-21,East of England,Consumer
3493,2023-03-06,South East,Small Business
3494,2024-12-11,East Midlands,Small Business
3495,2023-01-11,East of England,Consumer
3496,2024-06-05,South East,Consumer
3497,2023-03-02,Scotland,Consumer
3498,2025-11-14,East of England,Consumer
3499,2025-01-17,South East,Small Business
3500,2023-03-02,Yorkshire,Consumer
3501,2023-06-20,East of England,Consumer
3502,2025-09-13,West Midlands,Small Business
3503,2024-12-14,Scotland,Consumer
3504,2025-08-14,East Midlands,Consumer
3505,2025-03-30,West Midlands,Consumer
3506,2024-02-10,North East,Small Business
3507,2024-07-29,South West,Consumer
3508,2024-09-30,East of England,Consumer
3509,2025-09-26,South West,Small Business
3510,2025-05-17,Wales,Consumer
3511,2024-10-14,Wales,Consumer
3512,2025-02-23,South West,Consumer
3513,2024-12-23,Yorkshire,Small Business
3514,2023-05-12,East Midlands,Consumer
3515,2023-03-11,Scotland,Consumer
3516,2025-04-19,North West,Consumer
3517,2025-12-22,Yorkshire,Consumer
3518,2023-08-23,East of England,Consumer
3519,2025-05-29,East of England,Consumer
3520,2023-05-29,West Midlands,Consumer
3521,2025-01-31,East of England,Consumer
3522,2023-09-08,London,Consumer
3523,2023-01-23,Yorkshire,Consumer
3524,2024-10-20,West Midlands,Consumer
3525,2025-02-28,North West,Consumer
3526,2025-12-15,West Midlands,Consumer
3527,2024-07-23,Wales,Small Business
3528,2023-06-03,Wales,Small Business
3529,2025-05-13,North East,Consumer
3530,2024-10-12,Yorkshire,Consumer
3531,2023-04-12,East Midlands,Consumer
3532,2024-07-16,South West,Consumer
3533,2025-07-16,East of England,Consumer
3534,2025-02-23,West Midlands,Consumer
3535,2024-08-06,London,Consumer
3536,2023-01-10,East Midlands,Consumer
3537,2025-04-04,London,Small Business
3538,2025-12-16,London,Consumer
3539,2023-02-03,South East,Consumer
3540,2025-04-30,North West,Consumer
3541,2024-12-09,South West,Consumer
3542,2024-10-03,East Midlands,Consumer
3543,2025-03-16,North West,Consumer
3544,2025-07-19,East Midlands,Small Business
3545,2023-09-06,Yorkshire,Small Business
3546,2023-07-30,London,Consumer
3547,2023-01-22,East of England,Consumer
3548,2024-10-23,South West,Consumer
3549,2023-06-30,West Midlands,Consumer
3550,2025-01-25,Scotland,Small Business
3551,2023-04-18,North West,Small Business
3552,2023-03-30,South East,Consumer
3553,2024-09-15,South East,Consumer
3554,2025-02-16,North West,Consumer
3555,2023-10-10,Wales,Consumer
3556,2023-09-16,Yorkshire,Small Business
3557,2025-04-26,North East,Consumer
3558,2023-09-08,Scotland,Consumer
3559,2025-09-05,North East,Consumer
3560,2024-07-28,Yorkshire,Consumer
3561,2025-09-15,West Midlands,Consumer
3562,2024-08-29,South East,Consumer
3563,2024-05-11,North East,Consumer
3564,2024-02-26,South East,Consumer
3565,2025-10-09,London,Consumer
3566,2024-03-18,East Midlands,Consumer
3567,2024-01-20,East Midlands,Consumer
3568,2024-03-03,Wales,Consumer
3569,2025-11-18,Yorkshire,Consumer
3570,2024-09-30,East Midlands,Consumer
3571,2025-10-30,South East,Small Business
3572,2024-03-24,Yorkshire,Consumer
3573,2025-07-15,Wales,Consumer
3574,2025-03-30,West Midlands,Consumer
3575,2025-05-16,East of England,Consumer
3576,2023-07-29,East of England,Consumer
3577,2023-08-08,South East,Consumer
3578,2025-08-01,East of England,Consumer
3579,2025-09-02,North East,Consumer
3580,2024-12-21,North West,Consumer
3581,2023-06-22,Yorkshire,Consumer
3582,2023-11-05,South West,Consumer
3583,2025-11-06,Yorkshire,Consumer
3584,2024-07-12,Yorkshire,Consumer
3585,2025-02-22,South West,Consumer
3586,2024-01-23,South West,Consumer
3587,2024-07-19,Scotland,Consumer
3588,2025-11-28,South West,Consumer
3589,2023-04-13,North East,Consumer
3590,2023-08-16,West Midlands,Consumer
3591,2023-03-15,Wales,Consumer
3592,2023-05-15,Scotland,Consumer
3593,2024-04-08,Wales,Consumer
3594,2025-04-08,South West,Consumer
3595,2024-03-26,North West,Consumer
3596,2023-12-17,West Midlands,Consumer
3597,2024-08-12,Wales,Consumer
3598,2023-01-07,South East,Consumer
3599,2025-09-03,North West,Small Business
3600,2024-05-03,East of England,Consumer
3601,2023-05-23,East of England,Consumer
3602,2025-07-21,East of England,Small Business
3603,2025-08-29,South West,Consumer
3604,2023-12-30,North West,Small Business
3605,2023-12-16,North East,Consumer
3606,2023-01-20,Wales,Consumer
3607,2025-08-28,Wales,Consumer
3608,2024-05-21,East Midlands,Consumer
3609,2023-02-05,Wales,Consumer
3610,2024-08-18,West Midlands,Consumer
3611,2023-12-09,East of England,Consumer
3612,2023-07-24,North West,Consumer
3613,2024-11-18,East Midlands,Consumer
3614,2024-12-19,Scotland,Consumer
3615,2025-09-23,North West,Consumer
3616,2023-01-28,Yorkshire,Consumer
3617,2024-11-14,Scotland,Consumer
3618,2025-09-18,South East,Consumer
3619,2025-11-29,North East,Consumer
3620,2025-04-20,West Midlands,Consumer
3621,2023-10-18,Yorkshire,Consumer
3622,2024-05-15,Wales,Consumer
3623,2025-06-01,Yorkshire,Consumer
3624,2023-07-02,West Midlands,Small Business
3625,2025-02-12,North East,Consumer
3626,2024-07-14,North East,Consumer
3627,2025-07-09,Scotland,Consumer
3628,2024-12-15,Yorkshire,Consumer
3629,2025-05-04,North West,Consumer
3630,2023-03-26,Wales,Consumer
3631,2024-12-04,Wales,Consumer
3632,2025-07-20,Wales,Small Business
3633,2024-12-11,North West,Consumer
3634,2023-01-18,East Midlands,Small Business
3635,2023-10-29,East Midlands,Consumer
3636,2025-12-07,North West,Consumer
3637,2023-11-30,North West,Consumer
3638,2023-05-13,North West,Consumer
3639,2023-03-25,West Midlands,Consumer
3640,2023-09-10,London,Consumer
3641,2023-01-11,South West,Consumer
3642,2023-01-02,London,Consumer
3643,2024-12-18,North West,Consumer
3644,2025-10-25,North East,Small Business
3645,2023-11-14,South East,Consumer
3646,2023-10-20,West Midlands,Consumer
3647,2023-06-15,North West,Consumer
3648,2025-08-27,Yorkshire,Consumer
3649,2025-03-02,South West,Consumer
3650,2023-07-20,North West,Small Business
3651,2024-09-28,East of England,Consumer
3652,2024-10-22,Wales,Consumer
3653,2024-02-13,North West,Consumer
3654,2024-02-13,North West,Consumer
3655,2024-08-31,Wales,Small Business
3656,2025-08-02,Scotland,Consumer
3657,2025-06-13,South East,Consumer
3658,2025-06-24,Yorkshire,Consumer
3659,2025-01-02,East Midlands,Consumer
3660,2025-08-13,South West,Small Business
3661,2025-08-02,London,Small Business
3662,2023-02-24,South West,Consumer
3663,2023-10-15,Wales,Small Business
3664,2024-05-11,Wales,Consumer
3665,2023-09-18,Wales,Consumer
3666,2024-08-23,London,Consumer
3667,2025-03-15,East of England,Consumer
3668,2023-01-13,East Midlands,Consumer
3669,2025-11-26,East Midlands,Small Business
3670,2023-06-23,London,Consumer
3671,2023-08-08,Yorkshire,Consumer
3672,2024-08-18,Wales,Consumer
3673,2024-11-09,London,Consumer
3674,2025-11-12,London,Consumer
3675,2025-11-23,East of England,Consumer
3676,2025-10-11,East of England,Consumer
3677,2023-11-13,North West,Consumer
3678,2023-01-14,East Midlands,Consumer
3679,2024-02-16,South East,Consumer
3680,2023-11-10,Wales,Small Business
3681,2025-11-30,South East,Consumer
3682,2023-08-01,East Midlands,Consumer
3683,2025-11-01,East Midlands,Consumer
3684,2023-09-07,North West,Consumer
3685,2024-01-12,West Midlands,Small Business
3686,2024-06-17,Wales,Consumer
3687,2023-09-10,South West,Consumer
3688,2023-02-14,East of England,Consumer
3689,2024-05-07,East of England,Consumer
3690,2024-02-15,East Midlands,Consumer
3691,2024-08-15,North East,Consumer
3692,2025-10-06,Yorkshire,Consumer
3693,2025-03-12,South West,Consumer
3694,2023-08-08,East Midlands,Consumer
3695,2025-05-20,East of England,Consumer
3696,2025-07-25,South East,Consumer
3697,2023-01-23,Wales,Consumer
3698,2025-06-29,London,Small Business
3699,2024-12-27,East of England,Consumer
3700,2025-07-27,North West,Consumer
3701,2023-11-21,Yorkshire,Consumer
3702,2025-10-27,West Midlands,Consumer
3703,2025-12-11,South West,Consumer
3704,2023-12-24,North East,Consumer
3705,2024-11-25,East Midlands,Consumer
3706,2023-10-14,North West,Consumer
3707,2024-09-12,South West,Consumer
3708,2025-09-17,South West,Small Business
3709,2024-01-05,Wales,Consumer
3710,2025-11-04,North East,Consumer
3711,2023-09-23,Yorkshire,Consumer
3712,2024-12-13,Wales,Consumer
3713,2025-04-06,South East,Consumer
3714,2023-11-22,West Midlands,Consumer
3715,2023-08-06,East Midlands,Small Business
3716,2025-09-02,Yorkshire,Consumer
3717,2024-04-29,South East,Small Business
3718,2023-12-23,South West,Consumer
3719,2025-05-10,South East,Consumer
3720,2024-05-27,South East,Consumer
3721,2023-05-30,East Midlands,Consumer
3722,2023-03-02,East of England,Consumer
3723,2025-07-09,South West,Consumer
3724,2024-02-14,West Midlands,Consumer
3725,2025-06-15,North East,Consumer
3726,2024-02-17,East of England,Consumer
3727,2025-12-18,West Midlands,Consumer
3728,2023-02-19,North East,Small Business
3729,2023-07-17,West Midlands,Consumer
3730,2023-10-15,London,Consumer
3731,2025-04-15,Wales,Consumer
3732,2023-05-28,Yorkshire,Consumer
3733,2025-12-17,East Midlands,Consumer
3734,2024-02-29,Wales,Small Business
3735,2025-10-22,Yorkshire,Consumer
3736,2023-10-10,South East,Consumer
3737,2025-02-09,South East,Consumer
3738,2023-09-18,Scotland,Consumer
3739,2023-08-30,East Midlands,Consumer
3740,2024-11-08,London,Consumer
3741,2024-08-16,North West,Consumer
3742,2025-01-02,South East,Small Business
3743,2023-11-20,North West,Consumer
3744,2024-05-09,Scotland,Small Business
3745,2025-10-21,North West,Consumer
3746,2023-04-27,Scotland,Consumer
3747,2023-08-16,Wales,Consumer
3748,2024-06-22,North East,Consumer
3749,2024-11-23,South West,Consumer
3750,2024-11-16,London,Consumer
3751,2024-11-06,North East,Small Business
3752,2023-05-08,West Midlands,Consumer
3753,2023-03-14,Yorkshire,Small Business
3754,2025-05-02,Wales,Consumer
3755,2023-06-15,Scotland,Consumer
3756,2023-09-23,North West,Consumer
3757,2023-08-02,London,Consumer
3758,2024-04-06,North East,Consumer
3759,2025-09-05,North West,Consumer
3760,2024-04-11,London,Small Business
3761,2023-02-23,West Midlands,Consumer
3762,2025-02-15,North East,Consumer
3763,2023-02-07,Scotland,Consumer
3764,2025-03-03,South West,Consumer
3765,2025-05-30,South West,Consumer
3766,2023-08-25,East Midlands,Consumer
3767,2025-01-23,Yorkshire,Consumer
3768,2025-06-13,London,Consumer
3769,2023-07-08,Wales,Consumer
3770,2025-04-25,Scotland,Consumer
3771,2023-01-31,West Midlands,Consumer
3772,2023-06-06,London,Consumer
3773,2024-01-05,North West,Consumer
3774,2024-12-17,Wales,Consumer
3775,2024-05-15,North West,Consumer
3776,2025-03-25,East Midlands,Consumer
3777,2023-06-07,South East,Consumer
3778,2024-02-26,East Midlands,Consumer
3779,2025-01-01,West Midlands,Consumer
3780,2024-09-11,Yorkshire,Consumer
3781,2024-08-22,North East,Consumer
3782,2024-07-01,Yorkshire,Consumer
3783,2025-10-28,South East,Consumer
3784,2025-04-21,Wales,Consumer
3785,2023-06-10,West Midlands,Small Business
3786,2025-12-02,West Midlands,Consumer
3787,2024-03-07,South East,Consumer
3788,2023-10-18,London,Small Business
3789,2025-06-20,North East,Consumer
3790,2023-08-22,London,Consumer
3791,2023-03-11,North West,Consumer
3792,2025-02-25,North West,Small Business
3793,2023-06-23,London,Consumer
3794,2025-02-25,East Midlands,Consumer
3795,2025-02-22,South West,Consumer
3796,2024-04-04,West Midlands,Consumer
3797,2025-06-01,Scotland,Consumer
3798,2024-09-16,London,Consumer
3799,2024-12-13,London,Small Business
3800,2024-11-19,North West,Consumer
3801,2024-03-19,London,Consumer
3802,2025-06-07,South West,Consumer
3803,2023-04-27,South East,Consumer
3804,2024-08-11,Scotland,Consumer
3805,2025-11-28,North West,Consumer
3806,2025-02-19,East Midlands,Consumer
3807,2024-05-02,East of England,Small Business
3808,2024-07-28,North East,Small Business
3809,2023-06-25,West Midlands,Consumer
3810,2024-08-28,Yorkshire,Consumer
3811,2023-03-21,Wales,Consumer
3812,2024-07-04,North East,Consumer
3813,2023-01-26,South East,Consumer
3814,2024-10-19,North West,Small Business
3815,2025-06-27,East Midlands,Consumer
3816,2023-01-19,East Midlands,Consumer
3817,2025-01-04,East Midlands,Consumer
3818,2024-03-22,South West,Consumer
3819,2023-06-12,North West,Small Business
3820,2024-10-05,South East,Consumer
3821,2024-06-12,North West,Consumer
3822,2025-10-10,East of England,Consumer
3823,2023-12-24,East of England,Small Business
3824,2023-04-12,West Midlands,Consumer
3825,2023-03-20,East of England,Consumer
3826,2025-06-20,Wales,Consumer
3827,2024-04-11,London,Small Business
3828,2024-06-14,North West,Consumer
3829,2024-12-24,Scotland,Consumer
3830,2024-04-25,Yorkshire,Consumer
3831,2025-11-04,East Midlands,Consumer
3832,2023-06-08,West Midlands,Consumer
3833,2025-01-30,North East,Consumer
3834,2025-05-23,North West,Consumer
3835,2024-10-30,Wales,Consumer
3836,2024-11-17,South West,Small Business
3837,2025-02-06,East Midlands,Small Business
3838,2024-08-25,Wales,Consumer
3839,2025-01-24,London,Consumer
3840,2023-11-04,Wales,Consumer
3841,2024-03-09,Yorkshire,Consumer
3842,2025-11-06,Wales,Consumer
3843,2024-03-16,South West,Small Business
3844,2023-03-08,North East,Consumer
3845,2025-02-19,North East,Consumer
3846,2023-06-08,West Midlands,Consumer
3847,2025-05-06,Scotland,Consumer
3848,2025-12-16,London,Consumer
3849,2025-12-10,Scotland,Consumer
3850,2024-07-05,West Midlands,Small Business
3851,2024-08-23,West Midlands,Consumer
3852,2025-01-11,West Midlands,Consumer
3853,2023-08-25,West Midlands,Consumer
3854,2025-04-19,Yorkshire,Consumer
3855,2025-11-01,South East,Small Business
3856,2025-09-18,Wales,Consumer
3857,2025-05-07,West Midlands,Consumer
3858,2023-09-14,Scotland,Consumer
3859,2025-04-14,North East,Consumer
3860,2023-10-10,Wales,Consumer
3861,2024-08-10,Yorkshire,Consumer
3862,2023-06-16,South West,Consumer
3863,2023-10-31,Wales,Consumer
3864,2024-02-10,East of England,Small Business
3865,2023-02-01,East of England,Consumer
3866,2024-06-23,Scotland,Consumer
3867,2025-08-20,South East,Consumer
3868,2023-03-11,South West,Consumer
3869,2023-12-08,South East,Consumer
3870,2025-12-20,South West,Small Business
3871,2024-12-26,East of England,Consumer
3872,2024-05-09,North West,Consumer
3873,2024-11-20,Wales,Consumer
3874,2023-08-09,London,Consumer
3875,2024-12-27,East Midlands,Small Business
3876,2025-07-10,South West,Consumer
3877,2025-09-04,East of England,Consumer
3878,2025-11-09,South East,Consumer
3879,2023-01-16,Wales,Consumer
3880,2025-07-17,South West,Consumer
3881,2023-12-28,Scotland,Consumer
3882,2024-07-26,South East,Consumer
3883,2025-10-07,Yorkshire,Consumer
3884,2025-11-26,Scotland,Consumer
3885,2025-05-23,North West,Consumer
3886,2024-10-14,East of England,Small Business
3887,2023-03-27,West Midlands,Consumer
3888,2024-07-23,Wales,Small Business
3889,2024-10-05,South East,Consumer
3890,2023-12-06,South East,Consumer
3891,2025-09-23,East Midlands,Consumer
3892,2023-12-13,North West,Small Business
3893,2024-06-15,Wales,Consumer
3894,2024-04-19,North East,Consumer
3895,2023-07-16,West Midlands,Consumer
3896,2025-11-07,East of England,Consumer
3897,2023-03-23,Scotland,Consumer
3898,2024-02-04,London,Consumer
3899,2023-02-22,Yorkshire,Consumer
3900,2025-05-23,East Midlands,Consumer
3901,2025-07-18,North West,Small Business
3902,2023-09-03,East Midlands,Small Business
3903,2025-10-07,North West,Consumer
3904,2023-10-08,North West,Consumer
3905,2023-08-27,Yorkshire,Consumer
3906,2024-03-31,South East,Consumer
3907,2025-11-04,Yorkshire,Consumer
3908,2025-11-16,North East,Consumer
3909,2024-10-06,London,Consumer
3910,2025-12-03,Yorkshire,Consumer
3911,2023-03-14,North East,Consumer
3912,2024-05-18,East of England,Consumer
3913,2024-03-26,North East,Consumer
3914,2025-08-20,East of England,Consumer
3915,2024-01-19,East Midlands,Consumer
3916,2024-02-11,North East,Small Business
3917,2025-11-23,West Midlands,Consumer
3918,2023-05-18,East Midlands,Consumer
3919,2024-03-03,East of England,Consumer
3920,2024-06-22,Wales,Consumer
3921,2024-04-25,North East,Consumer
3922,2025-12-22,North East,Small Business
3923,2024-09-06,West Midlands,Small Business
3924,2025-09-20,East Midlands,Consumer
3925,2025-03-14,Wales,Consumer
3926,2025-09-12,North West,Consumer
3927,2023-08-19,North West,Consumer
3928,2025-07-04,Yorkshire,Consumer
3929,2025-05-20,South East,Consumer
3930,2024-10-15,North East,Consumer
3931,2025-03-26,East of England,Consumer
3932,2025-09-17,East Midlands,Consumer
3933,2024-04-25,London,Consumer
3934,2025-11-05,West Midlands,Small Business
3935,2025-04-17,London,Consumer
3936,2024-10-23,North West,Consumer
3937,2025-04-22,South West,Consumer
3938,2025-05-20,South West,Consumer
3939,2023-04-22,North West,Consumer
3940,2024-03-24,Yorkshire,Consumer
3941,2023-04-04,North West,Consumer
3942,2024-03-29,Wales,Small Business
3943,2024-02-27,North East,Consumer
3944,2024-11-06,East of England,Consumer
3945,2023-02-10,London,Consumer
3946,2023-07-04,Yorkshire,Small Business
3947,2023-05-10,North East,Consumer
3948,2024-03-07,Yorkshire,Consumer
3949,2023-11-18,Scotland,Consumer
3950,2024-04-14,North West,Consumer
3951,2025-02-04,Yorkshire,Consumer
3952,2024-05-24,London,Consumer
3953,2023-02-11,Scotland,Consumer
3954,2025-03-25,East Midlands,Consumer
3955,2024-08-02,North West,Consumer
3956,2024-05-21,London,Consumer
3957,2023-09-11,South West,Consumer
3958,2023-09-26,North West,Small Business
3959,2023-06-06,South East,Consumer
3960,2025-04-30,London,Consumer
3961,2023-11-07,South East,Consumer
3962,2025-03-12,West Midlands,Small Business
3963,2024-10-01,Yorkshire,Consumer
3964,2023-02-17,North West,Consumer
3965,2024-02-20,South East,Consumer
3966,2025-08-23,South West,Consumer
3967,2023-07-10,West Midlands,Small Business
3968,2024-07-24,East Midlands,Consumer
3969,2025-12-28,Scotland,Consumer
3970,2023-02-05,East Midlands,Consumer
3971,2025-02-02,Scotland,Consumer
3972,2025-07-15,West Midlands,Consumer
3973,2023-02-20,South West,Consumer
3974,2025-07-04,Yorkshire,Consumer
3975,2023-08-12,North East,Consumer
3976,2023-10-22,North East,Small Business
3977,2023-07-15,Scotland,Consumer
3978,2025-09-30,Wales,Consumer
3979,2023-10-17,South West,Consumer
3980,2025-08-27,Scotland,Consumer
3981,2024-04-21,London,Consumer
3982,2024-05-31,South West,Consumer
3983,2024-11-22,East of England,Consumer
3984,2025-04-12,London,Consumer
3985,2024-03-04,Scotland,Consumer
3986,2025-10-20,Yorkshire,Small Business
3987,2024-04-27,Yorkshire,Consumer
3988,2025-09-16,Scotland,Consumer
3989,2023-06-16,South East,Consumer
3990,2023-06-08,South West,Consumer
3991,2023-01-28,East of England,Consumer
3992,2023-09-06,East of England,Consumer
3993,2023-08-21,London,Small Business
3994,2025-10-11,East of England,Consumer
3995,2025-12-10,East Midlands,Consumer
3996,2025-05-06,South West,Consumer
3997,2023-08-29,South West,Small Business
3998,2024-07-09,Scotland,Consumer
3999,2025-01-31,Wales,Consumer
4000,2023-10-17,North West,Consumer
4001,2024-02-23,Wales,Small Business
4002,2025-01-30,Scotland,Consumer
4003,2025-08-24,East Midlands,Consumer
4004,2024-11-07,East of England,Consumer
4005,2025-08-28,London,Consumer
4006,2024-01-03,East of England,Consumer
4007,2023-01-12,North West,Consumer
4008,2024-02-13,South East,Consumer
4009,2024-11-08,South East,Consumer
4010,2025-08-17,Wales,Consumer
4011,2024-12-18,North East,Consumer
4012,2024-04-07,Yorkshire,Consumer
4013,2024-01-30,North West,Consumer
4014,2025-05-22,Wales,Consumer
4015,2025-01-22,Wales,Consumer
4016,2024-06-05,Scotland,Consumer
4017,2024-02-19,South East,Consumer
4018,2023-07-30,West Midlands,Consumer
4019,2024-06-22,Wales,Consumer
4020,2025-12-05,Wales,Consumer
4021,2025-02-23,Yorkshire,Consumer
4022,2024-07-21,Wales,Consumer
4023,2025-08-27,West Midlands,Consumer
4024,2024-04-19,West Midlands,Consumer
4025,2023-10-28,East of England,Consumer
4026,2023-01-01,Yorkshire,Consumer
4027,2023-04-17,East of England,Consumer
4028,2025-06-19,South West,Consumer
4029,2024-10-31,North West,Consumer
4030,2023-08-29,West Midlands,Consumer
4031,2025-02-11,South West,Consumer
4032,2024-12-28,North West,Small Business
4033,2024-10-11,Scotland,Consumer
4034,2024-03-14,East of England,Small Business
4035,2024-07-22,East of England,Small Business
4036,2025-06-23,East Midlands,Consumer
4037,2024-05-28,North East,Consumer
4038,2025-06-10,North East,Consumer
4039,2023-02-21,Yorkshire,Small Business
4040,2024-12-09,South West,Consumer
4041,2024-01-27,South West,Consumer
4042,2023-01-22,West Midlands,Consumer
4043,2025-12-13,West Midlands,Consumer
4044,2024-09-27,Yorkshire,Consumer
4045,2025-01-25,North West,Consumer
4046,2023-01-27,Wales,Consumer
4047,2024-07-17,North East,Consumer
4048,2023-03-31,North West,Consumer
4049,2023-04-28,Wales,Small Business
4050,2025-08-22,Wales,Consumer
4051,2025-10-01,East of England,Consumer
4052,2023-08-01,London,Consumer
4053,2023-11-10,East of England,Small Business
4054,2023-09-27,South East,Consumer
4055,2023-09-02,London,Consumer
4056,2023-05-08,Yorkshire,Consumer
4057,2024-07-22,West Midlands,Consumer
4058,2023-02-04,Yorkshire,Small Business
4059,2024-10-10,East of England,Small Business
4060,2025-01-20,Scotland,Consumer
4061,2025-04-05,South West,Small Business
4062,2023-05-06,South East,Consumer
4063,2025-10-24,East of England,Consumer
4064,2023-06-21,East of England,Consumer
4065,2024-07-18,Wales,Consumer
4066,2025-11-01,South West,Consumer
4067,2023-01-07,North West,Consumer
4068,2024-12-19,South East,Consumer
4069,2023-06-26,Wales,Small Business
4070,2023-06-30,South East,Small Business
4071,2024-01-09,South East,Consumer
4072,2023-02-11,East of England,Consumer
4073,2024-03-21,North East,Consumer
4074,2023-06-16,West Midlands,Consumer
4075,2024-01-27,East of England,Consumer
4076,2025-02-15,North West,Consumer
4077,2023-10-15,Wales,Consumer
4078,2024-04-07,West Midlands,Consumer
4079,2024-02-13,East of England,Small Business
4080,2024-06-15,East Midlands,Consumer
4081,2025-09-30,Yorkshire,Consumer
4082,2024-12-15,North East,Consumer
4083,2023-12-16,London,Small Business
4084,2025-02-28,East of England,Consumer
4085,2024-03-07,South West,Consumer
4086,2024-08-14,West Midlands,Consumer
4087,2025-10-28,Scotland,Small Business
4088,2024-07-04,South East,Consumer
4089,2024-03-07,North West,Consumer
4090,2024-06-18,London,Small Business
4091,2025-11-24,North East,Consumer
4092,2025-08-31,East of England,Consumer
4093,2024-10-23,Yorkshire,Consumer
4094,2023-03-11,Yorkshire,Consumer
4095,2025-01-04,London,Consumer
4096,2025-08-31,Yorkshire,Consumer
4097,2023-07-25,East of England,Small Business
4098,2024-09-19,East of England,Consumer
4099,2024-01-17,London,Consumer
4100,2025-07-23,Wales,Consumer
4101,2025-06-09,South West,Consumer
4102,2024-05-13,North West,Consumer
4103,2024-11-22,East Midlands,Consumer
4104,2024-09-06,London,Small Business
4105,2024-04-24,Scotland,Consumer
4106,2025-05-22,North West,Small Business
4107,2025-03-31,Wales,Consumer
4108,2025-11-14,East of England,Small Business
4109,2025-12-09,West Midlands,Small Business
4110,2023-10-13,East of England,Consumer
4111,2023-04-21,South East,Consumer
4112,2023-10-17,Yorkshire,Consumer
4113,2023-12-05,East Midlands,Consumer
4114,2023-10-30,West Midlands,Small Business
4115,2024-09-09,North West,Consumer
4116,2024-04-28,West Midlands,Consumer
4117,2024-05-16,East of England,Consumer
4118,2025-02-05,London,Consumer
4119,2024-12-06,South East,Consumer
4120,2025-03-18,West Midlands,Small Business
4121,2025-02-09,East Midlands,Consumer
4122,2023-07-16,South West,Consumer
4123,2023-10-01,South West,Consumer
4124,2024-08-02,North East,Consumer
4125,2025-05-19,Wales,Consumer
4126,2023-05-27,Yorkshire,Consumer
4127,2023-02-25,West Midlands,Small Business
4128,2023-12-31,West Midlands,Consumer
4129,2024-11-27,Scotland,Small Business
4130,2025-03-26,South East,Consumer
4131,2023-10-10,East Midlands,Consumer
4132,2024-03-08,North West,Consumer
4133,2024-11-26,South West,Consumer
4134,2025-05-21,East of England,Consumer
4135,2025-03-03,North East,Small Business
4136,2023-03-13,North West,Small Business
4137,2025-05-13,East of England,Consumer
4138,2025-11-25,South East,Consumer
4139,2023-06-19,Yorkshire,Consumer
4140,2023-07-27,North East,Small Business
4141,2023-01-26,East of England,Consumer
4142,2025-11-04,South West,Consumer
4143,2023-01-24,East Midlands,Consumer
4144,2025-04-02,South West,Consumer
4145,2024-09-12,South West,Consumer
4146,2023-08-26,Wales,Consumer
4147,2025-07-11,Scotland,Consumer
4148,2025-08-27,Yorkshire,Small Business
4149,2025-01-17,South East,Consumer
4150,2025-05-18,Scotland,Consumer
4151,2023-06-13,East of England,Consumer
4152,2024-06-12,West Midlands,Consumer
4153,2025-07-20,South West,Consumer
4154,2024-07-30,London,Consumer
4155,2025-09-29,East Midlands,Consumer
4156,2025-01-26,North West,Consumer
4157,2024-08-29,London,Consumer
4158,2024-01-02,North West,Consumer
4159,2023-02-05,East Midlands,Consumer
4160,2023-03-14,Wales,Consumer
4161,2023-03-16,Scotland,Consumer
4162,2024-05-24,East of England,Consumer
4163,2023-07-13,East of England,Consumer
4164,2025-10-07,South West,Small Business
4165,2024-12-08,East Midlands,Consumer
4166,2024-05-14,Scotland,Consumer
4167,2023-03-25,South East,Consumer
4168,2023-03-20,East of England,Consumer
4169,2023-07-27,South West,Consumer
4170,2023-06-11,Yorkshire,Small Business
4171,2024-09-10,South West,Consumer
4172,2024-01-12,North West,Consumer
4173,2023-06-12,South West,Small Business
4174,2024-01-28,Wales,Consumer
4175,2024-09-12,Wales,Consumer
4176,2024-05-14,London,Consumer
4177,2025-08-26,West Midlands,Consumer
4178,2025-06-13,North West,Consumer
4179,2024-01-16,North West,Consumer
4180,2023-04-04,Wales,Consumer
4181,2024-01-07,North East,Consumer
4182,2023-01-11,South West,Consumer
4183,2025-04-28,North East,Consumer
4184,2024-06-30,East Midlands,Consumer
4185,2024-10-13,South East,Consumer
4186,2023-02-07,Yorkshire,Consumer
4187,2024-08-12,Wales,Small Business
4188,2025-05-11,North East,Consumer
4189,2025-03-07,East Midlands,Small Business
4190,2023-01-26,Yorkshire,Consumer
4191,2024-12-10,East Midlands,Consumer
4192,2025-10-18,West Midlands,Consumer
4193,2023-12-15,North East,Consumer
4194,2025-04-05,London,Consumer
4195,2023-06-10,North East,Consumer
4196,2024-12-08,South East,Consumer
4197,2025-12-20,Yorkshire,Consumer
4198,2024-10-07,East Midlands,Consumer
4199,2023-03-02,East of England,Consumer
4200,2023-12-08,Wales,Consumer
4201,2025-06-02,South West,Small Business
4202,2023-02-17,North West,Consumer
4203,2025-10-02,West Midlands,Consumer
4204,2023-09-27,South West,Consumer
4205,2023-09-10,South East,Consumer
4206,2024-03-08,South East,Consumer
4207,2024-01-01,East of England,Consumer
4208,2025-04-01,Scotland,Consumer
4209,2024-03-21,South West,Small Business
4210,2024-07-25,Yorkshire,Consumer
4211,2023-08-05,North East,Small Business
4212,2024-10-12,Scotland,Consumer
4213,2025-03-14,West Midlands,Small Business
4214,2025-10-10,East Midlands,Consumer
4215,2025-07-09,East of England,Small Business
4216,2023-12-30,South West,Consumer
4217,2025-12-26,Yorkshire,Consumer
4218,2023-12-19,North East,Small Business
4219,2025-02-24,Wales,Consumer
4220,2025-05-06,South West,Consumer
4221,2023-03-01,Wales,Consumer
4222,2025-10-27,South East,Consumer
4223,2025-04-17,London,Consumer
4224,2024-05-26,East of England,Consumer
4225,2025-08-24,North East,Consumer
4226,2025-01-28,London,Consumer
4227,2025-03-08,Scotland,Consumer
4228,2024-01-31,East of England,Consumer
4229,2024-05-05,East of England,Consumer
4230,2024-02-14,Yorkshire,Consumer
4231,2023-05-13,London,Consumer
4232,2025-08-02,East Midlands,Consumer
4233,2025-06-27,West Midlands,Consumer
4234,2025-08-02,Scotland,Consumer
4235,2024-11-09,East of England,Consumer
4236,2023-05-24,London,Consumer
4237,2025-04-12,Scotland,Small Business
4238,2025-02-28,South East,Consumer
4239,2024-06-16,Scotland,Consumer
4240,2025-12-29,London,Consumer
4241,2023-05-03,North West,Consumer
4242,2023-03-23,Yorkshire,Consumer
4243,2025-11-13,North East,Consumer
4244,2025-05-27,South East,Consumer
4245,2024-06-21,Wales,Consumer
4246,2023-08-17,East of England,Consumer
4247,2024-11-26,East of England,Small Business
4248,2025-09-15,West Midlands,Consumer
4249,2024-11-06,North East,Consumer
4250,2025-07-27,East Midlands,Consumer
4251,2024-06-16,Yorkshire,Consumer
4252,2025-06-29,Yorkshire,Consumer
4253,2024-06-12,Wales,Consumer
4254,2023-03-15,East of England,Consumer
4255,2024-08-13,London,Consumer
4256,2025-01-29,Wales,Consumer
4257,2024-08-19,North West,Small Business
4258,2023-11-21,Wales,Consumer
4259,2025-08-31,East Midlands,Consumer
4260,2023-11-13,East of England,Consumer
4261,2024-08-21,South West,Consumer
4262,2024-04-11,London,Small Business
4263,2024-09-12,East of England,Consumer
4264,2024-06-15,Yorkshire,Consumer
4265,2025-11-24,South West,Consumer
4266,2023-12-15,Yorkshire,Consumer
4267,2025-10-23,Yorkshire,Consumer
4268,2025-02-13,East Midlands,Consumer
4269,2025-12-11,East Midlands,Consumer
4270,2025-02-16,London,Consumer
4271,2023-05-13,Yorkshire,Consumer
4272,2024-02-27,West Midlands,Consumer
4273,2023-09-02,North East,Consumer
4274,2025-10-18,East Midlands,Consumer
4275,2023-01-25,Scotland,Small Business
4276,2024-02-19,Yorkshire,Consumer
4277,2025-03-27,North East,Consumer
4278,2024-11-05,Scotland,Consumer
4279,2025-12-31,Scotland,Small Business
4280,2023-04-25,East Midlands,Consumer
4281,2024-05-22,West Midlands,Consumer
4282,2024-01-10,North East,Small Business
4283,2024-04-12,East Midlands,Consumer
4284,2024-06-28,Scotland,Consumer
4285,2024-01-25,South East,Small Business
4286,2023-09-29,Scotland,Consumer
4287,2024-03-01,West Midlands,Consumer
4288,2025-09-04,East Midlands,Consumer
4289,2023-04-15,Yorkshire,Consumer
4290,2023-05-30,West Midlands,Consumer
4291,2025-06-24,South East,Consumer
4292,2023-07-24,Scotland,Consumer
4293,2025-09-24,North West,Consumer
4294,2025-05-30,South East,Consumer
4295,2025-06-25,North East,Consumer
4296,2025-07-23,London,Consumer
4297,2025-04-13,Wales,Consumer
4298,2023-12-28,Yorkshire,Consumer
4299,2025-11-19,North West,Small Business
4300,2024-09-05,North West,Small Business
4301,2024-05-24,Yorkshire,Consumer
4302,2025-10-27,North West,Consumer
4303,2023-08-17,East of England,Consumer
4304,2024-10-15,Scotland,Consumer
4305,2023-12-01,East of England,Consumer
4306,2025-06-03,North East,Consumer
4307,2025-06-26,Yorkshire,Consumer
4308,2024-01-10,West Midlands,Consumer
4309,2024-04-19,West Midlands,Consumer
4310,2024-09-17,Yorkshire,Consumer
4311,2025-08-24,South East,Consumer
4312,2024-03-06,Wales,Consumer
4313,2024-10-25,East of England,Consumer
4314,2025-03-22,East of England,Small Business
4315,2023-11-18,Yorkshire,Small Business
4316,2025-08-28,North East,Consumer
4317,2025-05-03,North West,Consumer
4318,2024-06-22,East Midlands,Small Business
4319,2024-09-13,Yorkshire,Consumer
4320,2024-11-14,Yorkshire,Small Business
4321,2024-10-07,East Midlands,Consumer
4322,2025-03-16,South West,Consumer
4323,2025-04-07,London,Small Business
4324,2024-12-25,North East,Consumer
4325,2025-07-24,North West,Consumer
4326,2024-02-19,West Midlands,Consumer
4327,2024-06-08,North West,Small Business
4328,2023-02-18,Yorkshire,Consumer
4329,2025-02-22,Yorkshire,Consumer
4330,2024-02-13,West Midlands,Consumer
4331,2025-06-20,North West,Consumer
4332,2024-05-12,East of England,Consumer
4333,2025-09-09,Wales,Consumer
4334,2023-04-05,North East,Consumer
4335,2025-09-24,West Midlands,Consumer
4336,2025-02-07,London,Consumer
4337,2024-12-02,North West,Consumer
4338,2025-06-16,North West,Consumer
4339,2023-10-03,South East,Consumer
4340,2025-04-27,East of England,Small Business
4341,2024-09-04,Wales,Consumer
4342,2023-06-30,East Midlands,Consumer
4343,2024-06-17,Scotland,Consumer
4344,2024-08-19,London,Consumer
4345,2023-05-20,Yorkshire,Small Business
4346,2025-01-09,East Midlands,Consumer
4347,2024-03-15,East of England,Consumer
4348,2024-04-11,East Midlands,Consumer
4349,2024-02-12,North East,Small Business
4350,2024-06-14,North West,Consumer
4351,2023-02-17,East of England,Consumer
4352,2025-04-21,South West,Consumer
4353,2025-09-23,London,Small Business
4354,2023-05-04,Scotland,Consumer
4355,2025-06-14,London,Small Business
4356,2024-10-31,Scotland,Consumer
4357,2024-11-14,North East,Consumer
4358,2023-06-04,Wales,Consumer
4359,2023-08-19,Scotland,Consumer
4360,2025-11-17,South East,Consumer
4361,2025-08-17,Wales,Consumer
4362,2024-01-26,South East,Consumer
4363,2025-06-01,North West,Consumer
4364,2023-11-08,North East,Consumer
4365,2024-01-08,North East,Consumer
4366,2025-07-18,Scotland,Consumer
4367,2025-06-04,London,Consumer
4368,2024-08-24,London,Consumer
4369,2025-03-09,London,Consumer
4370,2024-10-22,South West,Consumer
4371,2024-04-01,Wales,Consumer
4372,2024-10-30,Scotland,Consumer
4373,2024-02-15,Wales,Small Business
4374,2023-11-09,West Midlands,Consumer
4375,2024-02-27,North West,Consumer
4376,2023-02-23,Scotland,Consumer
4377,2023-03-22,East of England,Consumer
4378,2023-05-22,Yorkshire,Small Business
4379,2024-04-16,North East,Consumer
4380,2024-09-12,East of England,Consumer
4381,2024-07-09,West Midlands,Small Business
4382,2024-03-20,Yorkshire,Consumer
4383,2025-06-19,South East,Small Business
4384,2025-02-07,London,Consumer
4385,2024-03-03,South West,Consumer
4386,2025-06-17,South West,Consumer
4387,2025-02-18,Wales,Consumer
4388,2023-07-10,East of England,Consumer
4389,2025-11-23,South East,Consumer
4390,2024-03-05,South East,Small Business
4391,2025-01-03,Yorkshire,Consumer
4392,2024-03-06,South East,Consumer
4393,2025-01-06,East Midlands,Consumer
4394,2023-08-18,East Midlands,Consumer
4395,2025-02-17,South West,Consumer
4396,2023-07-24,Yorkshire,Consumer
4397,2024-09-26,South East,Consumer
4398,2024-09-07,West Midlands,Small Business
4399,2023-06-22,North East,Consumer
4400,2025-03-09,East Midlands,Consumer
4401,2024-07-16,North East,Small Business
4402,2023-04-03,East of England,Small Business
4403,2023-12-30,Wales,Consumer
4404,2025-11-28,East of England,Consumer
4405,2025-08-20,London,Consumer
4406,2024-03-05,North East,Consumer
4407,2025-04-29,East of England,Consumer
4408,2023-12-24,Scotland,Small Business
4409,2024-01-07,Yorkshire,Small Business
4410,2023-08-13,East of England,Consumer
4411,2024-02-22,North West,Consumer
4412,2025-02-03,North West,Consumer
4413,2023-02-28,London,Consumer
4414,2025-08-21,London,Consumer
4415,2023-10-23,South West,Consumer
4416,2025-02-11,Wales,Consumer
4417,2023-12-14,East of England,Consumer
4418,2024-12-15,West Midlands,Consumer
4419,2023-05-16,South East,Small Business
4420,2025-08-09,South West,Small Business
4421,2025-06-20,East of England,Small Business
4422,2023-01-02,North West,Consumer
4423,2024-06-10,East of England,Consumer
4424,2025-01-18,Wales,Consumer
4425,2023-07-17,East Midlands,Consumer
4426,2024-02-06,East of England,Consumer
4427,2023-09-23,East of England,Consumer
4428,2023-06-18,South East,Consumer
4429,2024-08-01,Wales,Consumer
4430,2024-04-08,North West,Consumer
4431,2024-09-08,Yorkshire,Consumer
4432,2025-08-04,North East,Consumer
4433,2025-11-24,Wales,Small Business
4434,2024-06-30,East of England,Consumer
4435,2025-02-06,North East,Consumer
4436,2023-03-12,South West,Consumer
4437,2024-02-10,East of England,Consumer
4438,2023-03-11,West Midlands,Consumer
4439,2024-10-22,London,Consumer
4440,2025-09-17,Yorkshire,Consumer
4441,2025-04-10,East Midlands,Small Business
4442,2025-07-17,Wales,Consumer
4443,2025-06-19,South East,Consumer
4444,2025-11-19,Yorkshire,Consumer
4445,2024-01-17,North West,Consumer
4446,2025-09-25,Scotland,Consumer
4447,2023-07-17,North East,Small Business
4448,2025-11-29,North West,Consumer
4449,2025-01-18,South West,Consumer
4450,2023-09-16,South East,Consumer
4451,2025-07-25,South East,Consumer
4452,2024-08-28,East of England,Small Business
4453,2024-09-20,East Midlands,Consumer
4454,2023-06-19,Scotland,Consumer
4455,2025-11-12,West Midlands,Consumer
4456,2024-03-30,London,Consumer
4457,2024-12-25,Scotland,Consumer
4458,2023-11-07,Wales,Small Business
4459,2025-12-11,London,Consumer
4460,2025-01-12,Scotland,Consumer
4461,2025-12-23,East of England,Consumer
4462,2023-07-25,North East,Consumer
4463,2024-04-08,East of England,Consumer
4464,2025-05-18,West Midlands,Consumer
4465,2025-03-31,North West,Consumer
4466,2025-12-04,South West,Small Business
4467,2025-08-16,Yorkshire,Consumer
4468,2024-09-06,London,Consumer
4469,2024-09-30,West Midlands,Small Business
4470,2023-05-17,London,Consumer
4471,2023-10-15,East of England,Consumer
4472,2023-11-25,West Midlands,Consumer
4473,2023-11-23,North East,Consumer
4474,2024-02-01,West Midlands,Small Business
4475,2023-05-25,West Midlands,Small Business
4476,2024-07-19,East of England,Small Business
4477,2023-09-10,Wales,Small Business
4478,2023-11-07,West Midlands,Consumer
4479,2024-07-18,Yorkshire,Consumer
4480,2023-08-29,Scotland,Consumer
4481,2023-07-30,North East,Consumer
4482,2024-04-20,North East,Consumer
4483,2023-09-13,Scotland,Consumer
4484,2025-07-19,East of England,Consumer
4485,2024-11-30,North West,Small Business
4486,2023-03-25,South West,Small Business
4487,2024-06-07,South East,Consumer
4488,2025-05-22,Wales,Consumer
4489,2025-09-24,North West,Consumer
4490,2023-07-31,South East,Small Business
4491,2025-01-12,West Midlands,Small Business
4492,2025-10-09,South West,Consumer
4493,2023-08-04,North West,Small Business
4494,2024-07-18,North West,Consumer
4495,2024-11-04,South West,Consumer
4496,2024-05-29,Yorkshire,Consumer
4497,2023-07-27,East Midlands,Consumer
4498,2025-10-10,West Midlands,Consumer
4499,2024-06-28,South East,Small Business
4500,2025-09-26,Scotland,Consumer
4501,2025-02-08,Wales,Consumer
4502,2025-02-22,London,Consumer
4503,2023-07-21,Wales,Consumer
4504,2024-05-03,Yorkshire,Consumer
4505,2025-05-13,South West,Consumer
4506,2023-03-23,Yorkshire,Consumer
4507,2025-06-20,East Midlands,Consumer
4508,2025-12-06,London,Small Business
4509,2025-06-03,North East,Small Business
4510,2024-03-18,Wales,Consumer
4511,2024-11-04,South East,Consumer
4512,2025-04-24,London,Consumer
4513,2024-06-03,Yorkshire,Consumer
4514,2024-12-05,Yorkshire,Small Business
4515,2024-05-24,North West,Consumer
4516,2023-04-08,Yorkshire,Consumer
4517,2024-06-22,East of England,Consumer
4518,2024-10-21,South West,Consumer
4519,2023-12-19,East Midlands,Small Business
4520,2024-11-14,Yorkshire,Consumer
4521,2024-04-11,Yorkshire,Small Business
4522,2023-07-27,South East,Consumer
4523,2024-10-02,Wales,Consumer
4524,2024-01-17,South West,Consumer
4525,2025-09-21,Yorkshire,Consumer
4526,2025-06-15,Yorkshire,Consumer
4527,2023-12-12,Yorkshire,Consumer
4528,2024-01-24,Wales,Consumer
4529,2025-11-02,North East,Consumer
4530,2023-12-31,South West,Consumer
4531,2023-06-05,West Midlands,Consumer
4532,2025-04-08,North West,Consumer
4533,2024-11-27,Scotland,Consumer
4534,2023-09-30,South West,Consumer
4535,2024-08-24,Wales,Consumer
4536,2023-06-18,Yorkshire,Small Business
4537,2025-06-25,London,Consumer
4538,2023-11-14,North East,Small Business
4539,2023-02-23,East Midlands,Consumer
4540,2024-03-24,West Midlands,Small Business
4541,2025-06-20,North East,Consumer
4542,2023-10-25,London,Consumer
4543,2023-02-12,Wales,Consumer
4544,2025-06-17,South West,Consumer
4545,2024-01-29,South West,Consumer
4546,2025-11-28,Wales,Consumer
4547,2025-03-03,North West,Consumer
4548,2025-01-15,North West,Consumer
4549,2025-01-16,West Midlands,Consumer
4550,2025-01-01,South East,Small Business
4551,2023-10-03,Yorkshire,Small Business
4552,2024-05-20,Scotland,Consumer
4553,2023-07-17,Scotland,Consumer
4554,2024-10-04,South East,Consumer
4555,2024-04-11,Yorkshire,Consumer
4556,2024-04-03,East Midlands,Consumer
4557,2023-04-19,East Midlands,Consumer
4558,2025-10-15,Wales,Consumer
4559,2023-12-17,London,Consumer
4560,2023-04-28,Yorkshire,Consumer
4561,2023-10-30,South East,Consumer
4562,2023-05-14,North West,Consumer
4563,2023-02-26,Wales,Consumer
4564,2023-10-01,South West,Consumer
4565,2025-07-14,North West,Consumer
4566,2024-09-15,Yorkshire,Consumer
4567,2025-11-06,South West,Consumer
4568,2024-10-06,London,Small Business
4569,2023-04-19,Yorkshire,Consumer
4570,2023-05-26,Wales,Consumer
4571,2025-04-27,East of England,Consumer
4572,2024-05-24,Wales,Consumer
4573,2024-01-03,East of England,Consumer
4574,2025-10-10,South East,Consumer
4575,2023-07-12,South West,Consumer
4576,2025-03-04,South West,Consumer
4577,2025-08-29,East of England,Small Business
4578,2024-01-10,South East,Consumer
4579,2023-12-30,South West,Small Business
4580,2025-10-20,South East,Consumer
4581,2025-04-02,West Midlands,Consumer
4582,2023-06-17,Yorkshire,Consumer
4583,2023-07-12,Scotland,Consumer
4584,2023-05-05,Scotland,Consumer
4585,2025-02-03,South East,Consumer
4586,2025-12-19,London,Consumer
4587,2025-02-26,North West,Consumer
4588,2025-02-06,South East,Small Business
4589,2024-01-22,North East,Consumer
4590,2024-01-08,Scotland,Consumer
4591,2024-12-08,South East,Small Business
4592,2023-11-13,Wales,Consumer
4593,2023-12-29,East Midlands,Consumer
4594,2023-12-30,Scotland,Consumer
4595,2025-06-30,London,Consumer
4596,2023-09-04,North West,Small Business
4597,2023-08-09,Yorkshire,Consumer
4598,2025-11-27,East of England,Small Business
4599,2025-10-16,West Midlands,Consumer
4600,2024-11-21,East Midlands,Small Business
4601,2025-03-07,East Midlands,Small Business
4602,2023-05-15,Yorkshire,Consumer
4603,2023-10-17,West Midlands,Small Business
4604,2025-10-02,West Midlands,Consumer
4605,2023-03-27,Yorkshire,Consumer
4606,2025-09-10,North East,Consumer
4607,2023-07-22,Scotland,Consumer
4608,2024-10-18,Scotland,Consumer
4609,2025-12-25,Scotland,Consumer
4610,2024-02-16,North West,Consumer
4611,2025-07-06,West Midlands,Consumer
4612,2025-05-23,South West,Consumer
4613,2023-06-18,East Midlands,Consumer
4614,2023-08-02,Yorkshire,Consumer
4615,2025-03-07,North West,Consumer
4616,2024-08-11,North East,Consumer
4617,2025-12-16,London,Consumer
4618,2023-07-02,North West,Small Business
4619,2023-12-22,North East,Consumer
4620,2023-04-09,Scotland,Consumer
4621,2024-09-12,South West,Consumer
4622,2023-04-18,North East,Small Business
4623,2025-11-07,Scotland,Small Business
4624,2025-11-07,Yorkshire,Consumer
4625,2023-04-02,West Midlands,Consumer
4626,2024-01-16,West Midlands,Consumer
4627,2023-05-30,West Midlands,Consumer
4628,2023-02-01,London,Small Business
4629,2024-02-26,South East,Small Business
4630,2023-01-10,West Midlands,Consumer
4631,2024-11-08,East of England,Small Business
4632,2024-04-12,Yorkshire,Small Business
4633,2025-04-03,London,Consumer
4634,2024-05-19,Wales,Consumer
4635,2025-05-15,North East,Consumer
4636,2024-09-26,West Midlands,Small Business
4637,2024-07-12,South West,Consumer
4638,2025-05-01,South West,Consumer
4639,2024-01-24,East Midlands,Consumer
4640,2023-01-22,North East,Consumer
4641,2023-03-27,East Midlands,Consumer
4642,2024-04-01,South East,Consumer
4643,2023-08-25,East of England,Small Business
4644,2025-09-27,South East,Consumer
4645,2024-11-01,East of England,Small Business
4646,2024-06-09,North East,Consumer
4647,2025-03-26,North West,Consumer
4648,2024-08-06,Wales,Consumer
4649,2023-09-02,South West,Small Business
4650,2024-02-18,South East,Consumer
4651,2025-10-16,West Midlands,Consumer
4652,2023-03-15,East Midlands,Consumer
4653,2023-08-17,West Midlands,Consumer
4654,2025-03-05,East of England,Consumer
4655,2023-05-19,West Midlands,Consumer
4656,2025-01-29,East Midlands,Consumer
4657,2025-06-24,Wales,Consumer
4658,2025-10-28,West Midlands,Consumer
4659,2024-10-13,London,Consumer
4660,2023-11-09,Yorkshire,Small Business
4661,2024-05-28,East of England,Consumer
4662,2024-02-15,North East,Consumer
4663,2025-02-17,East of England,Small Business
4664,2025-11-01,South East,Consumer
4665,2024-02-03,Yorkshire,Consumer
4666,2025-06-17,London,Small Business
4667,2023-05-23,West Midlands,Consumer
4668,2024-08-12,Scotland,Consumer
4669,2024-10-12,London,Consumer
4670,2023-05-14,South West,Consumer
4671,2023-02-05,Wales,Consumer
4672,2024-10-20,Yorkshire,Consumer
4673,2023-08-01,North East,Consumer
4674,2025-02-19,London,Consumer
4675,2025-03-04,Wales,Consumer
4676,2024-04-04,North East,Consumer
4677,2023-06-01,London,Consumer
4678,2025-09-02,Wales,Consumer
4679,2024-08-01,North East,Consumer
4680,2025-07-09,West Midlands,Consumer
4681,2024-05-27,Yorkshire,Small Business
4682,2025-07-20,East Midlands,Small Business
4683,2023-11-10,East Midlands,Consumer
4684,2025-01-07,West Midlands,Consumer
4685,2023-12-24,South West,Small Business
4686,2023-11-25,Yorkshire,Consumer
4687,2025-06-03,North West,Consumer
4688,2025-07-30,South West,Consumer
4689,2024-04-09,South West,Consumer
4690,2024-12-23,West Midlands,Small Business
4691,2025-05-12,South West,Consumer
4692,2025-07-15,East Midlands,Small Business
4693,2025-08-07,Yorkshire,Consumer
4694,2025-03-27,East of England,Consumer
4695,2024-02-26,West Midlands,Consumer
4696,2024-01-27,Wales,Consumer
4697,2025-01-14,East Midlands,Consumer
4698,2025-04-16,Yorkshire,Consumer
4699,2024-03-13,South West,Consumer
4700,2023-08-11,Scotland,Consumer
4701,2024-09-07,Wales,Consumer
4702,2024-02-13,West Midlands,Consumer
4703,2023-11-17,North East,Consumer
4704,2025-11-25,South West,Consumer
4705,2025-06-26,London,Consumer
4706,2025-03-01,Wales,Consumer
4707,2024-07-13,North East,Consumer
4708,2023-11-16,North East,Consumer
4709,2024-02-10,East of England,Consumer
4710,2025-08-17,West Midlands,Small Business
4711,2023-09-25,East Midlands,Consumer
4712,2025-12-22,North East,Small Business
4713,2023-07-18,South East,Consumer
4714,2023-01-18,London,Consumer
4715,2023-07-04,Yorkshire,Small Business
4716,2024-12-31,West Midlands,Consumer
4717,2024-03-12,North West,Small Business
4718,2025-01-13,Wales,Small Business
4719,2025-07-03,East Midlands,Consumer
4720,2023-12-25,North West,Consumer
4721,2023-11-24,East of England,Consumer
4722,2023-08-31,Scotland,Small Business
4723,2025-04-19,East of England,Consumer
4724,2025-08-19,North West,Consumer
4725,2024-05-25,South East,Consumer
4726,2023-10-28,East Midlands,Consumer
4727,2023-03-22,East of England,Small Business
4728,2025-08-26,South West,Consumer
4729,2023-02-10,Wales,Consumer
4730,2025-01-12,East Midlands,Consumer
4731,2024-01-08,East Midlands,Small Business
4732,2025-10-04,North East,Consumer
4733,2024-11-26,South East,Small Business
4734,2023-05-22,East of England,Consumer
4735,2024-09-06,North East,Consumer
4736,2023-11-03,South East,Small Business
4737,2024-02-08,North East,Consumer
4738,2023-06-20,Yorkshire,Consumer
4739,2025-10-10,London,Consumer
4740,2025-05-05,East of England,Consumer
4741,2024-06-01,West Midlands,Consumer
4742,2025-12-01,London,Consumer
4743,2023-12-08,London,Consumer
4744,2024-09-19,North West,Consumer
4745,2025-06-05,Yorkshire,Consumer
4746,2025-07-27,North East,Consumer
4747,2023-03-06,East of England,Small Business
4748,2023-01-22,Wales,Consumer
4749,2025-02-18,West Midlands,Small Business
4750,2025-02-17,South West,Consumer
4751,2024-07-07,South West,Consumer
4752,2025-11-15,South West,Consumer
4753,2024-12-01,East of England,Small Business
4754,2024-06-19,Scotland,Consumer
4755,2024-07-30,North West,Consumer
4756,2025-07-10,North East,Consumer
4757,2024-10-14,Scotland,Small Business
4758,2023-02-17,East of England,Consumer
4759,2023-08-08,West Midlands,Consumer
4760,2025-02-03,South East,Consumer
4761,2024-04-30,South East,Small Business
4762,2023-01-20,London,Consumer
4763,2024-11-29,Wales,Consumer
4764,2025-08-01,North East,Small Business
4765,2023-08-05,Wales,Consumer
4766,2023-10-12,West Midlands,Small Business
4767,2023-06-16,East of England,Consumer
4768,2023-07-07,London,Consumer
4769,2024-04-22,West Midlands,Consumer
4770,2023-06-12,South West,Consumer
4771,2025-12-20,West Midlands,Consumer
4772,2024-02-09,East Midlands,Consumer
4773,2024-01-17,East Midlands,Consumer
4774,2023-05-06,East Midlands,Consumer
4775,2023-01-13,South East,Consumer
4776,2024-02-09,North West,Consumer
4777,2024-01-23,South East,Consumer
4778,2023-06-05,West Midlands,Consumer
4779,2024-10-20,West Midlands,Consumer
4780,2024-08-30,Wales,Consumer
4781,2024-08-07,West Midlands,Consumer
4782,2024-12-07,West Midlands,Consumer
4783,2024-05-30,North West,Consumer
4784,2023-05-13,London,Consumer
4785,2024-12-05,London,Consumer
4786,2025-05-30,South East,Consumer
4787,2025-07-02,London,Small Business
4788,2023-06-30,Yorkshire,Consumer
4789,2025-01-10,North East,Consumer
4790,2023-05-15,Wales,Consumer
4791,2024-10-15,East Midlands,Consumer
4792,2025-09-10,Yorkshire,Consumer
4793,2025-09-28,Yorkshire,Consumer
4794,2024-01-25,West Midlands,Consumer
4795,2023-03-29,Yorkshire,Consumer
4796,2025-08-03,Yorkshire,Small Business
4797,2025-04-05,East Midlands,Small Business
4798,2025-08-09,East Midlands,Consumer
4799,2025-02-28,South West,Small Business
4800,2023-10-13,Yorkshire,Consumer
4801,2023-11-02,South West,Consumer
4802,2025-06-08,North East,Small Business
4803,2023-11-06,Wales,Small Business
4804,2024-03-20,South East,Consumer
4805,2025-08-25,East of England,Consumer
4806,2024-02-10,London,Consumer
4807,2023-11-21,North West,Small Business
4808,2024-07-22,West Midlands,Consumer
4809,2025-10-19,South West,Consumer
4810,2023-11-24,East Midlands,Small Business
4811,2023-05-03,Yorkshire,Small Business
4812,2023-05-18,Yorkshire,Consumer
4813,2024-08-15,East of England,Consumer
4814,2025-10-09,West Midlands,Consumer
4815,2023-01-27,North West,Consumer
4816,2024-11-24,North East,Consumer
4817,2025-05-28,Wales,Consumer
4818,2023-09-23,Scotland,Consumer
4819,2025-02-03,East of England,Consumer
4820,2025-08-27,South East,Consumer
4821,2025-01-27,South West,Consumer
4822,2024-10-30,West Midlands,Small Business
4823,2024-10-02,North East,Small Business
4824,2025-09-02,North West,Consumer
4825,2024-11-09,West Midlands,Small Business
4826,2024-10-21,North East,Consumer
4827,2024-04-13,Wales,Consumer
4828,2024-05-25,East Midlands,Consumer
4829,2023-02-09,Yorkshire,Consumer
4830,2023-07-15,South West,Consumer
4831,2024-10-20,South East,Consumer
4832,2025-08-05,Wales,Small Business
4833,2024-06-28,South East,Consumer
4834,2024-01-31,North West,Consumer
4835,2025-01-15,London,Consumer
4836,2024-04-02,North East,Consumer
4837,2024-12-30,Wales,Consumer
4838,2023-10-27,North West,Small Business
4839,2025-09-19,Yorkshire,Consumer
4840,2024-02-14,North East,Consumer
4841,2023-09-04,North West,Consumer
4842,2024-02-04,Scotland,Consumer
4843,2024-08-01,West Midlands,Consumer
4844,2025-05-16,London,Consumer
4845,2024-02-23,East of England,Consumer
4846,2023-03-01,North East,Consumer
4847,2025-05-13,South East,Consumer
4848,2023-10-30,East Midlands,Consumer
4849,2023-11-18,Wales,Consumer
4850,2024-10-05,South East,Small Business
4851,2025-07-22,North West,Consumer
4852,2025-07-17,North West,Consumer
4853,2023-09-21,Yorkshire,Small Business
4854,2023-09-11,London,Small Business
4855,2025-09-04,Yorkshire,Consumer
4856,2025-02-07,Scotland,Consumer
4857,2025-06-08,North East,Consumer
4858,2023-12-31,Yorkshire,Consumer
4859,2023-03-12,North East,Consumer
4860,2023-03-22,Scotland,Consumer
4861,2023-09-28,East Midlands,Consumer
4862,2023-05-20,East of England,Consumer
4863,2025-12-06,East of England,Small Business
4864,2024-04-26,South East,Consumer
4865,2025-01-01,Yorkshire,Consumer
4866,2024-12-04,South East,Consumer
4867,2023-05-08,Scotland,Consumer
4868,2025-03-21,East of England,Consumer
4869,2023-07-03,West Midlands,Consumer
4870,2023-08-25,North West,Consumer
4871,2023-04-26,North East,Consumer
4872,2023-02-19,London,Consumer
4873,2024-04-06,East Midlands,Consumer
4874,2024-03-24,West Midlands,Small Business
4875,2023-10-09,Scotland,Consumer
4876,2025-03-04,North East,Consumer
4877,2023-02-09,Scotland,Consumer
4878,2025-10-05,London,Consumer
4879,2025-04-29,Scotland,Consumer
4880,2024-02-14,Wales,Consumer
4881,2024-04-15,Wales,Consumer
4882,2024-12-16,South East,Consumer
4883,2025-01-23,Scotland,Small Business
4884,2023-12-03,South West,Consumer
4885,2023-01-16,North East,Consumer
4886,2024-07-30,North West,Consumer
4887,2025-11-12,South West,Consumer
4888,2024-02-17,Wales,Consumer
4889,2024-02-05,Yorkshire,Small Business
4890,2025-03-15,South East,Consumer
4891,2025-07-13,London,Consumer
4892,2025-11-14,South West,Consumer
4893,2023-08-19,London,Consumer
4894,2023-08-07,West Midlands,Consumer
4895,2024-09-03,North East,Consumer
4896,2024-09-13,Yorkshire,Consumer
4897,2024-04-15,Wales,Small Business
4898,2024-05-31,West Midlands,Consumer
4899,2024-09-26,London,Consumer
4900,2024-01-06,Yorkshire,Consumer
4901,2025-03-06,Yorkshire,Consumer
4902,2025-03-11,Wales,Consumer
4903,2025-10-03,East Midlands,Consumer
4904,2024-08-07,North East,Small Business
4905,2024-05-23,South East,Consumer
4906,2023-01-01,London,Consumer
4907,2023-01-23,North West,Small Business
4908,2024-09-13,East Midlands,Consumer
4909,2023-11-23,South East,Consumer
4910,2024-03-16,North East,Consumer
4911,2025-05-16,Yorkshire,Consumer
4912,2025-05-05,North East,Consumer
4913,2023-03-13,South East,Consumer
4914,2024-06-22,East Midlands,Small Business
4915,2024-02-24,South East,Small Business
4916,2023-03-04,East Midlands,Consumer
4917,2023-08-19,South East,Consumer
4918,2025-07-21,Wales,Consumer
4919,2024-07-13,North West,Consumer
4920,2025-09-09,South East,Consumer
4921,2023-11-10,West Midlands,Consumer
4922,2025-02-11,London,Consumer
4923,2025-06-04,East Midlands,Consumer
4924,2023-01-28,Wales,Small Business
4925,2023-05-10,North West,Consumer
4926,2025-09-08,West Midlands,Consumer
4927,2023-02-19,North East,Consumer
4928,2024-01-21,West Midlands,Consumer
4929,2023-01-04,North East,Consumer
4930,2025-06-10,Scotland,Small Business
4931,2025-09-27,West Midlands,Consumer
4932,2023-04-07,North West,Consumer
4933,2025-01-22,East Midlands,Small Business
4934,2023-12-02,Yorkshire,Consumer
4935,2025-01-30,Scotland,Consumer
4936,2024-10-18,North East,Consumer
4937,2023-12-23,Wales,Consumer
4938,2025-08-15,Yorkshire,Consumer
4939,2023-10-30,North East,Consumer
4940,2025-10-09,North East,Consumer
4941,2025-01-07,South West,Consumer
4942,2024-06-02,East of England,Consumer
4943,2025-01-04,North East,Consumer
4944,2023-12-03,London,Consumer
4945,2023-10-25,Wales,Consumer
4946,2023-11-23,Wales,Consumer
4947,2024-02-26,South West,Consumer
4948,2025-05-08,South East,Small Business
4949,2023-03-27,Scotland,Consumer
4950,2023-01-09,North West,Small Business
4951,2023-12-04,West Midlands,Consumer
4952,2024-11-16,East Midlands,Consumer
4953,2025-02-03,Scotland,Small Business
4954,2025-12-07,North East,Consumer
4955,2024-03-24,Wales,Consumer
4956,2025-04-15,South East,Consumer
4957,2025-07-18,East of England,Small Business
4958,2024-01-21,London,Small Business
4959,2025-10-30,South East,Consumer
4960,2023-05-28,North West,Consumer
4961,2025-04-11,North West,Small Business
4962,2023-07-17,West Midlands,Consumer
4963,2023-03-05,North West,Consumer
4964,2024-01-16,North East,Consumer
4965,2024-06-03,East Midlands,Small Business
4966,2025-05-14,Yorkshire,Consumer
4967,2023-01-22,Wales,Consumer
4968,2025-03-05,Yorkshire,Consumer
4969,2025-05-27,Wales,Consumer
4970,2025-09-06,North East,Consumer
4971,2023-03-27,North East,Consumer
4972,2023-03-06,East Midlands,Consumer
4973,2023-03-05,North West,Consumer
4974,2025-02-24,Scotland,Consumer
4975,2025-05-15,Wales,Consumer
4976,2024-12-19,North East,Consumer
4977,2023-02-25,South West,Consumer
4978,2025-09-25,South East,Consumer
4979,2023-07-08,South East,Consumer
4980,2023-07-12,East Midlands,Consumer
4981,2024-11-21,West Midlands,Consumer
4982,2025-08-19,London,Consumer
4983,2025-07-13,West Midlands,Consumer
4984,2023-07-14,London,Consumer
4985,2023-02-27,Scotland,Consumer
4986,2025-10-25,East of England,Consumer
4987,2025-03-05,Scotland,Consumer
4988,2023-04-10,North West,Consumer
4989,2025-11-24,East Midlands,Consumer
4990,2025-07-14,North West,Small Business
4991,2023-03-23,North West,Consumer
4992,2025-05-23,South East,Consumer
4993,2023-06-07,West Midlands,Consumer
4994,2024-05-25,London,Consumer
4995,2023-12-28,South West,Consumer
4996,2024-01-10,West Midlands,Consumer
4997,2025-10-07,West Midlands,Consumer
4998,2023-08-26,South East,Consumer
4999,2023-09-28,Wales,Consumer
5000,2025-06-16,East Midlands,Consumer
5001,2025-05-30,London,Consumer
5002,2025-01-24,North East,Consumer
5003,2025-05-07,East Midlands,Consumer
5004,2025-06-12,Scotland,Consumer
5005,2023-05-18,South East,Consumer
5006,2025-01-02,East Midlands,Consumer
5007,2024-05-13,East of England,Consumer
5008,2023-11-28,South East,Consumer
5009,2024-02-07,East Midlands,Consumer
5010,2025-02-03,Scotland,Consumer
5011,2023-05-17,North East,Consumer
5012,2025-04-26,South East,Consumer
5013,2024-04-20,West Midlands,Consumer
5014,2023-09-30,South West,Consumer
5015,2023-05-03,Scotland,Consumer
5016,2023-08-19,Scotland,Consumer
5017,2025-12-22,London,Consumer
5018,2023-10-08,Yorkshire,Small Business
5019,2025-09-10,West Midlands,Consumer
5020,2025-08-30,East Midlands,Consumer
5021,2023-07-22,East of England,Consumer
5022,2023-05-26,East of England,Consumer
5023,2025-11-10,East of England,Small Business
5024,2023-05-20,East Midlands,Consumer
5025,2023-05-29,Wales,Consumer
5026,2025-04-26,North East,Consumer
5027,2024-04-06,North West,Consumer
5028,2025-06-03,London,Small Business
5029,2025-03-19,London,Consumer
5030,2025-02-04,South West,Consumer
5031,2024-04-05,East of England,Consumer
5032,2025-11-09,South West,Consumer
5033,2023-11-19,West Midlands,Consumer
5034,2024-08-12,East Midlands,Consumer
5035,2025-06-05,Wales,Consumer
5036,2023-05-16,Scotland,Consumer
5037,2023-10-26,North East,Consumer
5038,2024-07-22,South West,Consumer
5039,2024-11-30,North West,Small Business
5040,2024-10-31,North West,Small Business
5041,2025-08-20,Scotland,Consumer
5042,2023-10-09,East Midlands,Consumer
5043,2025-09-29,Yorkshire,Consumer
5044,2023-05-09,North West,Consumer
5045,2024-07-09,North West,Consumer
5046,2024-04-11,Yorkshire,Small Business
5047,2024-10-25,West Midlands,Consumer
5048,2024-12-14,North West,Consumer
5049,2024-11-17,Scotland,Consumer
5050,2024-07-24,North West,Consumer
5051,2024-01-21,Wales,Small Business
5052,2023-10-13,North West,Consumer
5053,2025-01-10,Scotland,Consumer
5054,2024-02-23,East Midlands,Consumer
5055,2023-12-22,South East,Consumer
5056,2024-08-19,North East,Consumer
5057,2024-11-21,East of England,Small Business
5058,2025-10-14,Yorkshire,Consumer
5059,2025-09-18,North West,Small Business
5060,2025-07-29,Scotland,Consumer
5061,2024-06-05,Wales,Consumer
5062,2023-09-12,South West,Consumer
5063,2025-03-16,London,Consumer
5064,2024-06-05,East Midlands,Consumer
5065,2024-07-21,Scotland,Consumer
5066,2024-02-12,North West,Consumer
5067,2025-05-25,North East,Small Business
5068,2023-08-10,East Midlands,Consumer
5069,2024-10-03,South East,Consumer
5070,2023-09-09,Yorkshire,Consumer
5071,2023-04-22,London,Small Business
5072,2024-07-22,South East,Consumer
5073,2024-07-03,East of England,Consumer
5074,2025-05-16,West Midlands,Consumer
5075,2023-05-03,London,Consumer
5076,2024-07-21,North West,Consumer
5077,2024-04-17,West Midlands,Consumer
5078,2024-06-30,Scotland,Consumer
5079,2024-04-29,East of England,Consumer
5080,2024-10-10,West Midlands,Consumer
5081,2025-02-23,West Midlands,Consumer
5082,2023-02-05,East of England,Consumer
5083,2024-07-06,East Midlands,Consumer
5084,2024-05-19,South West,Consumer
5085,2025-07-30,Wales,Consumer
5086,2023-12-22,West Midlands,Consumer
5087,2023-01-07,West Midlands,Consumer
5088,2025-06-10,Wales,Small Business
5089,2025-03-02,East Midlands,Consumer
5090,2023-07-25,South East,Consumer
5091,2025-06-28,East Midlands,Consumer
5092,2025-02-26,Wales,Consumer
5093,2023-02-17,Scotland,Consumer
5094,2024-02-25,North East,Consumer
5095,2025-12-09,Yorkshire,Consumer
5096,2025-10-19,Scotland,Consumer
5097,2025-06-24,Wales,Consumer
5098,2023-10-23,South East,Consumer
5099,2025-02-12,East of England,Consumer
5100,2024-02-29,West Midlands,Consumer
5101,2025-04-09,North West,Consumer
5102,2024-08-18,West Midlands,Consumer
5103,2025-08-19,London,Consumer
5104,2024-05-14,North East,Consumer
5105,2025-07-15,London,Consumer
5106,2024-12-07,Yorkshire,Consumer
5107,2025-10-02,South West,Consumer
5108,2025-05-18,South East,Consumer
5109,2024-12-14,West Midlands,Consumer
5110,2024-06-16,East Midlands,Consumer
5111,2024-03-24,Wales,Consumer
5112,2025-12-23,West Midlands,Small Business
5113,2025-02-20,Yorkshire,Consumer
5114,2024-04-13,South East,Consumer
5115,2023-11-22,South East,Consumer
5116,2023-04-13,North West,Consumer
5117,2024-06-06,East Midlands,Consumer
5118,2023-10-18,South West,Consumer
5119,2024-01-16,West Midlands,Consumer
5120,2023-12-08,Scotland,Consumer
5121,2023-07-08,Wales,Consumer
5122,2023-12-27,North West,Consumer
5123,2025-05-16,East of England,Consumer
5124,2024-02-05,Wales,Consumer
5125,2023-05-18,South East,Consumer
5126,2024-01-02,Scotland,Consumer
5127,2025-08-05,Scotland,Consumer
5128,2024-01-02,East of England,Consumer
5129,2024-01-18,West Midlands,Consumer
5130,2024-10-28,East of England,Consumer
5131,2025-11-17,London,Consumer
5132,2023-04-27,South West,Consumer
5133,2023-04-10,East Midlands,Consumer
5134,2023-09-28,West Midlands,Small Business
5135,2025-01-22,Wales,Consumer
5136,2025-08-05,West Midlands,Consumer
5137,2023-08-14,West Midlands,Consumer
5138,2023-03-28,South East,Small Business
5139,2023-10-06,London,Consumer
5140,2025-12-19,East Midlands,Consumer
5141,2025-03-19,Scotland,Consumer
5142,2025-04-07,Scotland,Consumer
5143,2025-11-30,Yorkshire,Consumer
5144,2025-04-09,North West,Consumer
5145,2025-04-14,East of England,Consumer
5146,2025-10-20,East of England,Consumer
5147,2024-02-28,South East,Consumer
5148,2025-01-22,North West,Consumer
5149,2025-04-24,South West,Consumer
5150,2025-02-04,London,Consumer
5151,2024-02-11,London,Consumer
5152,2023-10-29,East Midlands,Small Business
5153,2023-10-14,North East,Consumer
5154,2025-03-22,West Midlands,Consumer
5155,2024-04-10,East Midlands,Consumer
5156,2025-03-28,East Midlands,Consumer
5157,2025-01-30,West Midlands,Consumer
5158,2025-05-01,London,Consumer
5159,2023-10-26,North East,Small Business
5160,2024-08-28,Yorkshire,Consumer
5161,2025-08-10,South West,Small Business
5162,2025-06-06,South East,Consumer
5163,2024-12-27,Scotland,Consumer
5164,2023-03-24,East Midlands,Consumer
5165,2024-11-09,West Midlands,Consumer
5166,2025-11-03,East of England,Consumer
5167,2023-07-27,East of England,Consumer
5168,2024-07-06,London,Consumer
5169,2024-03-23,North East,Consumer
5170,2023-02-19,East Midlands,Consumer
5171,2025-07-31,Yorkshire,Consumer
5172,2024-08-06,Yorkshire,Consumer
5173,2025-11-24,Wales,Consumer
5174,2025-06-16,East Midlands,Consumer
5175,2025-11-18,London,Consumer
5176,2025-11-02,South East,Small Business
5177,2023-11-11,South West,Consumer
5178,2025-06-19,North East,Consumer
5179,2023-10-19,West Midlands,Consumer
5180,2025-02-25,North West,Consumer
5181,2023-03-27,London,Consumer
5182,2023-09-30,West Midlands,Consumer
5183,2024-02-01,South West,Consumer
5184,2023-11-07,South West,Consumer
5185,2024-06-06,West Midlands,Consumer
5186,2023-05-16,East of England,Small Business
5187,2024-06-27,East Midlands,Consumer
5188,2024-03-24,East Midlands,Small Business
5189,2023-12-06,North East,Consumer
5190,2023-06-13,North East,Consumer
5191,2024-12-02,Wales,Consumer
5192,2025-02-01,East Midlands,Small Business
5193,2024-06-12,Wales,Consumer
5194,2024-11-08,North East,Consumer
5195,2025-12-14,East of England,Consumer
5196,2025-12-01,North East,Consumer
5197,2024-05-17,West Midlands,Consumer
5198,2025-06-07,East Midlands,Consumer
5199,2025-11-08,North West,Consumer
5200,2025-04-08,London,Small Business
5201,2024-09-07,North West,Consumer
5202,2023-10-31,Scotland,Consumer
5203,2024-03-24,West Midlands,Consumer
5204,2023-11-10,South East,Consumer
5205,2025-11-01,Yorkshire,Consumer
5206,2025-03-29,South West,Consumer
5207,2024-09-04,South East,Consumer
5208,2025-09-12,North East,Consumer
5209,2024-10-04,London,Consumer
5210,2025-06-04,East of England,Consumer
5211,2023-03-04,Yorkshire,Small Business
5212,2023-08-31,North West,Consumer
5213,2025-10-04,South West,Consumer
5214,2025-04-10,South West,Small Business
5215,2024-08-09,West Midlands,Consumer
5216,2023-12-04,Yorkshire,Consumer
5217,2024-10-31,Wales,Consumer
5218,2023-06-19,South East,Consumer
5219,2023-01-18,East of England,Consumer
5220,2025-10-05,South East,Small Business
5221,2023-11-08,London,Consumer
5222,2023-12-30,London,Consumer
5223,2025-01-21,North East,Consumer
5224,2025-01-01,North East,Consumer
5225,2023-03-24,East of England,Small Business
5226,2024-11-07,South East,Consumer
5227,2023-06-18,London,Consumer
5228,2024-01-29,East of England,Small Business
5229,2025-10-01,South East,Consumer
5230,2024-08-19,Wales,Small Business
5231,2023-05-27,Wales,Consumer
5232,2023-05-14,East Midlands,Consumer
5233,2024-06-16,East of England,Consumer
5234,2025-11-20,South East,Consumer
5235,2024-04-03,North West,Consumer
5236,2024-11-24,North East,Consumer
5237,2025-08-26,East Midlands,Consumer
5238,2025-11-08,North West,Consumer
5239,2025-04-01,South West,Consumer
5240,2024-04-26,North West,Consumer
5241,2024-03-07,West Midlands,Consumer
5242,2023-11-14,London,Consumer
5243,2023-08-30,East of England,Consumer
5244,2025-07-08,East of England,Consumer
5245,2023-05-31,North West,Consumer
5246,2024-10-17,Wales,Consumer
5247,2025-09-13,South West,Consumer
5248,2024-09-11,West Midlands,Small Business
5249,2023-03-11,Yorkshire,Consumer
5250,2024-01-28,Yorkshire,Consumer
5251,2023-03-06,North West,Consumer
5252,2025-10-16,East Midlands,Consumer
5253,2025-03-25,Yorkshire,Consumer
5254,2024-10-31,South West,Consumer
5255,2024-01-12,London,Small Business
5256,2023-12-03,North West,Consumer
5257,2025-09-24,Yorkshire,Consumer
5258,2023-10-15,West Midlands,Consumer
5259,2025-10-11,North West,Small Business
5260,2024-01-05,South West,Consumer
5261,2023-01-19,North East,Consumer
5262,2024-12-03,Wales,Consumer
5263,2023-01-06,South East,Consumer
5264,2025-10-23,West Midlands,Consumer
5265,2024-11-11,North East,Consumer
5266,2025-10-31,North West,Consumer
5267,2025-12-18,Wales,Consumer
5268,2024-02-07,South West,Consumer
5269,2023-03-22,East Midlands,Small Business
5270,2024-08-17,Scotland,Small Business
5271,2025-07-23,London,Consumer
5272,2023-02-06,South West,Consumer
5273,2023-05-09,East Midlands,Small Business
5274,2025-05-04,East Midlands,Small Business
5275,2024-04-17,Yorkshire,Small Business
5276,2024-04-01,East Midlands,Consumer
5277,2023-03-21,West Midlands,Consumer
5278,2024-06-04,South West,Consumer
5279,2025-12-22,West Midlands,Consumer
5280,2025-07-09,West Midlands,Consumer
5281,2025-05-30,London,Small Business
5282,2024-07-14,Scotland,Consumer
5283,2025-05-03,London,Consumer
5284,2024-09-19,Wales,Consumer
5285,2025-10-14,Wales,Consumer
5286,2024-08-11,South East,Small Business
5287,2025-03-07,Scotland,Consumer
5288,2023-12-29,Scotland,Consumer
5289,2023-01-30,North East,Consumer
5290,2024-11-04,North East,Consumer
5291,2025-09-09,London,Consumer
5292,2024-06-12,East of England,Consumer
5293,2024-06-10,South West,Consumer
5294,2025-05-23,West Midlands,Consumer
5295,2025-01-10,South East,Consumer
5296,2024-08-14,North West,Small Business
5297,2023-05-21,South East,Small Business
5298,2023-09-06,London,Small Business
5299,2023-05-16,North West,Small Business
5300,2023-08-21,East Midlands,Consumer
5301,2025-10-21,Scotland,Consumer
5302,2023-09-08,East Midlands,Consumer
5303,2024-07-23,South East,Consumer
5304,2023-07-08,Yorkshire,Consumer
5305,2024-01-23,Scotland,Small Business
5306,2023-02-07,Wales,Consumer
5307,2023-06-26,South East,Consumer
5308,2024-12-01,East of England,Consumer
5309,2025-12-31,West Midlands,Consumer
5310,2024-12-20,London,Consumer
5311,2025-03-08,South West,Consumer
5312,2025-11-15,South West,Consumer
5313,2024-01-25,Wales,Consumer
5314,2023-05-18,West Midlands,Small Business
5315,2025-10-09,Scotland,Consumer
5316,2025-03-04,Yorkshire,Consumer
5317,2024-02-12,London,Consumer
5318,2024-01-21,London,Consumer
5319,2023-02-05,North East,Small Business
5320,2024-11-24,South West,Consumer
5321,2023-01-16,Yorkshire,Small Business
5322,2023-06-24,East of England,Small Business
5323,2025-12-02,Scotland,Consumer
5324,2023-10-06,East Midlands,Consumer
5325,2024-11-28,South East,Consumer
5326,2023-03-08,North East,Consumer
5327,2024-10-01,Scotland,Small Business
5328,2024-08-23,London,Small Business
5329,2023-04-23,North West,Consumer
5330,2023-10-08,North West,Consumer
5331,2023-11-10,North West,Consumer
5332,2025-04-23,South East,Small Business
5333,2025-01-15,South East,Consumer
5334,2024-09-06,South West,Consumer
5335,2024-08-06,Yorkshire,Consumer
5336,2023-07-10,East of England,Small Business
5337,2023-07-25,Yorkshire,Consumer
5338,2024-06-25,Yorkshire,Consumer
5339,2023-09-11,East of England,Consumer
5340,2023-06-11,West Midlands,Consumer
5341,2024-09-29,Scotland,Consumer
5342,2023-06-13,Scotland,Small Business
5343,2024-08-31,Scotland,Consumer
5344,2023-07-25,South West,Consumer
5345,2023-03-25,North West,Small Business
5346,2025-05-10,South East,Consumer
5347,2024-07-05,London,Consumer
5348,2023-07-13,Wales,Consumer
5349,2025-09-03,London,Consumer
5350,2025-01-09,South West,Consumer
5351,2024-06-25,East of England,Consumer
5352,2024-05-22,South East,Consumer
5353,2024-01-15,North East,Small Business
5354,2023-08-01,North East,Consumer
5355,2025-08-21,West Midlands,Consumer
5356,2023-09-17,East of England,Consumer
5357,2025-11-09,West Midlands,Small Business
5358,2023-01-11,North East,Consumer
5359,2024-07-13,Wales,Consumer
5360,2024-01-20,East Midlands,Consumer
5361,2023-05-02,South West,Consumer
5362,2025-03-06,West Midlands,Small Business
5363,2024-08-22,Yorkshire,Consumer
5364,2025-04-22,Wales,Consumer
5365,2024-05-25,Wales,Small Business
5366,2023-09-13,South West,Consumer
5367,2025-10-16,London,Small Business
5368,2025-04-10,Wales,Consumer
5369,2024-06-02,East of England,Consumer
5370,2023-09-03,North East,Consumer
5371,2023-03-24,West Midlands,Small Business
5372,2023-04-06,South East,Consumer
5373,2023-09-30,West Midlands,Consumer
5374,2023-08-19,Wales,Consumer
5375,2024-03-06,South East,Small Business
5376,2023-01-29,South West,Consumer
5377,2024-02-27,East Midlands,Consumer
5378,2023-09-10,Yorkshire,Consumer
5379,2025-04-21,South West,Consumer
5380,2024-07-17,East Midlands,Consumer
5381,2023-10-26,West Midlands,Consumer
5382,2024-01-21,North East,Small Business
5383,2024-05-12,East Midlands,Consumer
5384,2024-07-14,South West,Consumer
5385,2023-01-07,South West,Consumer
5386,2023-05-06,London,Consumer
5387,2025-12-09,North West,Consumer
5388,2023-08-15,North West,Consumer
5389,2024-07-26,East of England,Consumer
5390,2023-01-29,East Midlands,Consumer
5391,2025-12-20,South East,Consumer
5392,2024-12-13,North West,Consumer
5393,2025-07-09,West Midlands,Consumer
5394,2024-07-18,East Midlands,Small Business
5395,2024-07-06,East of England,Consumer
5396,2025-06-16,East of England,Consumer
5397,2024-04-25,North East,Consumer
5398,2024-03-24,Scotland,Consumer
5399,2023-10-24,South East,Consumer
5400,2025-01-29,Scotland,Consumer
5401,2023-07-22,North West,Small Business
5402,2025-11-23,North West,Consumer
5403,2023-02-11,South East,Consumer
5404,2023-08-08,West Midlands,Small Business
5405,2024-05-31,West Midlands,Consumer
5406,2025-12-21,East of England,Consumer
5407,2025-12-18,London,Consumer
5408,2023-02-10,Yorkshire,Consumer
5409,2025-05-09,Wales,Consumer
5410,2025-09-12,West Midlands,Consumer
5411,2024-09-19,South West,Consumer
5412,2024-07-10,Wales,Consumer
5413,2025-04-03,North East,Small Business
5414,2024-12-31,South East,Consumer
5415,2024-02-06,West Midlands,Consumer
5416,2024-11-19,Yorkshire,Consumer
5417,2024-05-08,Scotland,Consumer
5418,2024-04-11,South West,Small Business
5419,2023-02-03,South East,Consumer
5420,2023-10-08,West Midlands,Consumer
5421,2023-03-31,West Midlands,Consumer
5422,2025-12-31,South East,Consumer
5423,2025-06-22,East of England,Consumer
5424,2024-03-15,West Midlands,Consumer
5425,2023-03-16,North West,Consumer
5426,2025-04-17,South East,Small Business
5427,2025-07-10,West Midlands,Consumer
5428,2024-04-29,Wales,Consumer
5429,2024-05-27,Wales,Consumer
5430,2024-05-08,London,Consumer
5431,2024-07-21,Scotland,Consumer
5432,2023-01-14,East Midlands,Consumer
5433,2024-03-19,South West,Small Business
5434,2023-07-24,South East,Consumer
5435,2024-04-14,Wales,Consumer
5436,2025-05-24,Yorkshire,Small Business
5437,2025-07-15,Scotland,Consumer
5438,2023-02-25,South East,Small Business
5439,2023-02-13,North East,Consumer
5440,2023-12-19,East of England,Consumer
5441,2023-04-03,East of England,Consumer
5442,2024-03-04,West Midlands,Consumer
5443,2025-08-01,London,Consumer
5444,2024-04-07,Wales,Consumer
5445,2023-08-30,West Midlands,Consumer
5446,2024-09-05,North East,Consumer
5447,2023-05-10,East of England,Consumer
5448,2023-01-16,East of England,Consumer
5449,2025-12-27,East of England,Consumer
5450,2025-05-10,South East,Consumer
5451,2023-11-19,West Midlands,Consumer
5452,2025-04-30,South East,Consumer
5453,2023-12-07,North West,Consumer
5454,2025-12-23,Wales,Small Business
5455,2024-11-06,East Midlands,Consumer
5456,2025-12-27,North East,Consumer
5457,2025-07-08,South West,Consumer
5458,2025-06-30,North West,Consumer
5459,2024-03-14,London,Consumer
5460,2024-08-28,South West,Consumer
5461,2025-08-10,South East,Small Business
5462,2023-08-25,East of England,Small Business
5463,2024-04-15,Scotland,Small Business
5464,2023-08-20,Scotland,Consumer
5465,2023-10-04,London,Consumer
5466,2024-04-19,East of England,Consumer
5467,2023-04-14,Scotland,Small Business
5468,2023-06-01,West Midlands,Consumer
5469,2023-06-21,Yorkshire,Consumer
5470,2023-07-11,North West,Consumer
5471,2023-10-06,East of England,Consumer
5472,2025-10-01,West Midlands,Consumer
5473,2024-03-27,North East,Consumer
5474,2023-10-30,Wales,Consumer
5475,2025-05-14,North East,Consumer
5476,2024-10-21,East Midlands,Consumer
5477,2024-07-19,Yorkshire,Consumer
5478,2023-01-24,London,Consumer
5479,2023-02-19,London,Consumer
5480,2023-12-04,North East,Consumer
5481,2023-06-19,West Midlands,Consumer
5482,2023-07-21,East Midlands,Consumer
5483,2025-01-30,London,Consumer
5484,2023-02-22,East of England,Small Business
5485,2024-10-02,South West,Consumer
5486,2025-10-29,North East,Consumer
5487,2024-08-21,North West,Consumer
5488,2023-10-30,Wales,Consumer
5489,2025-09-03,North West,Consumer
5490,2023-06-06,East of England,Consumer
5491,2024-08-14,Scotland,Consumer
5492,2023-03-28,Yorkshire,Consumer
5493,2023-03-24,Scotland,Consumer
5494,2023-02-23,London,Consumer
5495,2023-01-06,North East,Consumer
5496,2024-05-18,South West,Consumer
5497,2024-11-30,South East,Consumer
5498,2025-11-22,North West,Consumer
5499,2025-04-09,South West,Consumer
5500,2024-04-27,South West,Consumer
5501,2024-07-05,Scotland,Consumer
5502,2024-10-20,Yorkshire,Consumer
5503,2025-01-19,North West,Small Business
5504,2025-02-07,London,Consumer
5505,2023-03-22,North East,Consumer
5506,2025-04-12,West Midlands,Consumer
5507,2025-07-31,Wales,Consumer
5508,2023-02-04,Wales,Consumer
5509,2025-12-12,East of England,Consumer
5510,2023-05-05,North West,Consumer
5511,2023-09-08,South West,Consumer
5512,2025-12-18,South East,Small Business
5513,2025-12-19,London,Consumer
5514,2024-06-13,North East,Consumer
5515,2025-08-28,East Midlands,Small Business
5516,2024-05-24,Scotland,Consumer
5517,2024-01-20,Scotland,Consumer
5518,2025-03-29,North West,Consumer
5519,2023-05-15,East of England,Consumer
5520,2024-08-27,East of England,Consumer
5521,2024-09-21,South West,Consumer
5522,2023-02-12,West Midlands,Small Business
5523,2023-09-25,Yorkshire,Consumer
5524,2025-12-18,South West,Consumer
5525,2024-09-26,North West,Consumer
5526,2023-03-25,South West,Consumer
5527,2025-03-09,East of England,Consumer
5528,2025-02-04,North West,Small Business
5529,2023-03-28,East of England,Consumer
5530,2024-04-14,North East,Consumer
5531,2024-01-18,North West,Consumer
5532,2023-02-17,North East,Consumer
5533,2025-02-11,North West,Consumer
5534,2024-07-27,North West,Consumer
5535,2025-12-22,Scotland,Small Business
5536,2023-02-16,West Midlands,Consumer
5537,2025-01-24,West Midlands,Consumer
5538,2025-10-22,Scotland,Consumer
5539,2024-07-18,Yorkshire,Consumer
5540,2023-10-02,East Midlands,Consumer
5541,2023-05-07,North East,Consumer
5542,2023-03-18,North West,Consumer
5543,2023-04-28,North West,Consumer
5544,2024-03-18,West Midlands,Small Business
5545,2024-12-28,West Midlands,Small Business
5546,2024-06-11,Wales,Consumer
5547,2023-09-08,South West,Consumer
5548,2023-10-17,South East,Consumer
5549,2025-07-20,Scotland,Consumer
5550,2023-09-11,Scotland,Consumer
5551,2024-02-11,West Midlands,Consumer
5552,2024-02-10,East Midlands,Consumer
5553,2025-04-09,North East,Consumer
5554,2024-04-07,London,Small Business
5555,2023-03-13,South East,Small Business
5556,2025-10-31,East Midlands,Consumer
5557,2024-11-01,South West,Consumer
5558,2025-10-22,South West,Consumer
5559,2025-12-10,London,Consumer
5560,2024-01-14,West Midlands,Small Business
5561,2023-03-02,Wales,Consumer
5562,2025-04-29,South East,Consumer
5563,2025-12-08,London,Consumer
5564,2025-02-11,Yorkshire,Consumer
5565,2025-10-15,North West,Consumer
5566,2023-09-03,South West,Small Business
5567,2024-03-13,South West,Consumer
5568,2024-12-09,East of England,Small Business
5569,2023-06-06,North West,Consumer
5570,2023-09-10,Scotland,Consumer
5571,2024-08-10,South East,Consumer
5572,2024-04-07,West Midlands,Consumer
5573,2025-09-04,Yorkshire,Small Business
5574,2023-10-13,South West,Consumer
5575,2023-11-19,West Midlands,Consumer
5576,2025-11-01,East of England,Consumer
5577,2025-07-13,North West,Consumer
5578,2025-05-06,South East,Consumer
5579,2023-03-16,North West,Consumer
5580,2025-04-14,London,Small Business
5581,2023-02-13,Yorkshire,Consumer
5582,2025-03-20,South West,Consumer
5583,2023-04-05,Scotland,Consumer
5584,2023-08-27,East of England,Consumer
5585,2023-02-06,London,Small Business
5586,2023-04-24,Scotland,Small Business
5587,2025-01-09,South West,Consumer
5588,2023-07-01,London,Consumer
5589,2025-07-22,South East,Consumer
5590,2024-03-11,South East,Small Business
5591,2024-03-23,North West,Small Business
5592,2024-12-29,London,Consumer
5593,2025-11-08,Scotland,Consumer
5594,2023-08-11,East Midlands,Consumer
5595,2025-09-20,South West,Consumer
5596,2023-10-20,Wales,Consumer
5597,2025-12-10,North West,Consumer
5598,2023-03-24,South East,Consumer
5599,2023-01-11,Scotland,Small Business
5600,2024-02-02,Yorkshire,Consumer
5601,2025-09-03,North East,Small Business
5602,2025-12-18,East of England,Consumer
5603,2024-03-10,West Midlands,Consumer
5604,2023-09-12,London,Consumer
5605,2025-01-28,East Midlands,Consumer
5606,2023-02-06,Wales,Small Business
5607,2025-11-05,Yorkshire,Small Business
5608,2023-05-13,North West,Consumer
5609,2024-01-08,London,Consumer
5610,2025-07-16,North West,Consumer
5611,2023-12-06,South West,Consumer
5612,2025-05-11,Wales,Consumer
5613,2025-02-08,North East,Consumer
5614,2025-07-23,South East,Small Business
5615,2024-08-28,East of England,Consumer
5616,2025-01-19,Wales,Consumer
5617,2024-05-23,East of England,Consumer
5618,2023-07-30,North West,Consumer
5619,2025-10-21,North West,Consumer
5620,2024-02-03,East of England,Small Business
5621,2023-08-10,East of England,Small Business
5622,2024-04-01,North West,Consumer
5623,2025-05-30,South West,Consumer
5624,2023-04-23,South West,Consumer
5625,2023-02-17,Scotland,Consumer
5626,2025-03-26,North East,Consumer
5627,2025-05-05,London,Consumer
5628,2023-12-23,West Midlands,Consumer
5629,2024-04-12,Scotland,Consumer
5630,2024-10-29,North East,Consumer
5631,2025-01-10,North East,Consumer
5632,2025-12-01,East of England,Consumer
5633,2023-02-05,North West,Small Business
5634,2024-12-06,South West,Small Business
5635,2023-08-30,East of England,Small Business
5636,2025-06-08,Yorkshire,Consumer
5637,2023-10-29,South West,Consumer
5638,2025-01-04,Scotland,Consumer
5639,2025-06-08,North East,Consumer
5640,2025-02-22,Wales,Consumer
5641,2025-04-13,North East,Consumer
5642,2024-03-19,London,Consumer
5643,2025-05-22,South East,Consumer
5644,2023-10-26,West Midlands,Consumer
5645,2024-10-04,Wales,Consumer
5646,2023-09-04,North West,Small Business
5647,2024-06-30,South West,Consumer
5648,2024-05-07,Wales,Consumer
5649,2024-09-28,Scotland,Consumer
5650,2023-03-25,London,Small Business
5651,2023-12-03,East Midlands,Consumer
5652,2023-01-03,London,Consumer
5653,2025-11-18,South West,Consumer
5654,2025-03-08,South East,Small Business
5655,2023-08-28,South West,Consumer
5656,2023-06-03,South East,Consumer
5657,2024-11-16,London,Consumer
5658,2023-05-16,South West,Consumer
5659,2024-07-25,South East,Consumer
5660,2023-05-30,Yorkshire,Consumer
5661,2025-04-15,East of England,Small Business
5662,2025-12-04,West Midlands,Small Business
5663,2025-06-26,North East,Consumer
5664,2023-10-22,London,Consumer
5665,2024-03-27,North East,Consumer
5666,2023-02-04,East Midlands,Consumer
5667,2024-07-30,South West,Consumer
5668,2025-07-08,East of England,Consumer
5669,2025-04-23,North East,Consumer
5670,2023-10-08,Yorkshire,Consumer
5671,2023-07-08,East Midlands,Consumer
5672,2025-08-29,South West,Small Business
5673,2023-11-26,Wales,Consumer
5674,2023-05-17,North West,Consumer
5675,2025-12-09,North East,Consumer
5676,2023-05-18,West Midlands,Consumer
5677,2025-07-18,West Midlands,Consumer
5678,2023-09-29,Yorkshire,Consumer
5679,2023-12-17,West Midlands,Consumer
5680,2025-04-01,South East,Consumer
5681,2023-06-12,East Midlands,Consumer
5682,2023-12-03,North East,Consumer
5683,2023-12-01,London,Consumer
5684,2024-03-24,South West,Consumer
5685,2025-11-17,North East,Consumer
5686,2025-08-15,East Midlands,Consumer
5687,2024-12-07,South West,Consumer
5688,2024-03-22,East Midlands,Consumer
5689,2024-08-30,North West,Consumer
5690,2023-04-11,East of England,Small Business
5691,2024-10-23,London,Consumer
5692,2025-03-21,North West,Consumer
5693,2023-07-13,South West,Consumer
5694,2023-04-19,West Midlands,Consumer
5695,2024-05-27,South East,Consumer
5696,2025-12-30,South East,Small Business
5697,2025-08-06,East Midlands,Consumer
5698,2023-12-15,East of England,Consumer
5699,2023-11-27,North East,Consumer
5700,2025-10-03,Wales,Consumer
5701,2024-01-09,South East,Consumer
5702,2024-06-18,Scotland,Small Business
5703,2025-05-09,East of England,Consumer
5704,2024-11-27,East Midlands,Consumer
5705,2025-06-15,West Midlands,Consumer
5706,2024-04-19,Scotland,Consumer
5707,2023-08-24,Scotland,Consumer
5708,2024-10-14,South West,Consumer
5709,2024-04-13,Wales,Consumer
5710,2023-02-16,East Midlands,Consumer
5711,2025-05-27,South West,Consumer
5712,2023-09-01,East Midlands,Consumer
5713,2023-05-06,South West,Small Business
5714,2025-10-13,West Midlands,Small Business
5715,2025-11-27,East of England,Small Business
5716,2023-02-01,Yorkshire,Consumer
5717,2025-02-09,Scotland,Consumer
5718,2023-12-17,East of England,Consumer
5719,2024-12-16,Yorkshire,Consumer
5720,2023-06-26,South West,Consumer
5721,2025-01-19,London,Consumer
5722,2025-07-05,South East,Consumer
5723,2025-04-09,Wales,Consumer
5724,2023-05-30,Scotland,Consumer
5725,2023-12-23,South East,Small Business
5726,2023-10-12,Yorkshire,Consumer
5727,2025-07-24,Wales,Small Business
5728,2025-12-30,North East,Consumer
5729,2025-05-30,Wales,Consumer
5730,2024-08-14,Scotland,Small Business
5731,2023-11-21,East of England,Small Business
5732,2023-03-19,Yorkshire,Consumer
5733,2024-04-15,North East,Small Business
5734,2025-06-06,Wales,Consumer
5735,2024-05-28,Scotland,Small Business
5736,2023-09-24,North West,Small Business
5737,2024-11-22,Wales,Consumer
5738,2023-05-16,North East,Consumer
5739,2024-12-11,East Midlands,Consumer
5740,2025-11-05,East Midlands,Small Business
5741,2023-03-15,North East,Consumer
5742,2025-01-01,East of England,Consumer
5743,2025-04-02,East Midlands,Consumer
5744,2024-02-06,Scotland,Consumer
5745,2024-01-18,London,Small Business
5746,2025-07-14,North West,Consumer
5747,2023-06-09,Wales,Consumer
5748,2025-08-02,East Midlands,Consumer
5749,2025-10-05,South West,Consumer
5750,2025-06-12,Scotland,Consumer
5751,2023-11-12,East of England,Consumer
5752,2024-02-06,East Midlands,Small Business
5753,2023-03-20,North East,Consumer
5754,2025-12-09,London,Consumer
5755,2024-01-17,North East,Consumer
5756,2024-05-01,Yorkshire,Consumer
5757,2024-07-05,London,Consumer
5758,2025-01-08,South West,Consumer
5759,2024-11-10,North East,Consumer
5760,2023-03-20,London,Consumer
5761,2023-12-10,North West,Small Business
5762,2023-12-27,Yorkshire,Small Business
5763,2024-07-03,North West,Consumer
5764,2025-12-08,South West,Consumer
5765,2025-03-18,West Midlands,Consumer
5766,2024-08-25,East of England,Consumer
5767,2023-09-30,North East,Consumer
5768,2024-07-05,South West,Small Business
5769,2024-03-31,West Midlands,Consumer
5770,2023-07-31,Yorkshire,Consumer
5771,2024-06-17,South East,Consumer
5772,2024-11-02,East of England,Consumer
5773,2024-11-22,East Midlands,Consumer
5774,2024-12-04,South West,Consumer
5775,2023-12-18,South West,Small Business
5776,2024-03-29,West Midlands,Consumer
5777,2025-01-27,South East,Consumer
5778,2025-10-30,South East,Consumer
5779,2025-03-12,Yorkshire,Consumer
5780,2025-09-29,Scotland,Consumer
5781,2025-03-02,Scotland,Consumer
5782,2024-10-18,East Midlands,Consumer
5783,2024-08-11,North West,Consumer
5784,2024-02-02,North West,Consumer
5785,2023-09-03,North East,Small Business
5786,2023-06-02,South East,Small Business
5787,2025-09-18,East of England,Consumer
5788,2025-12-04,Yorkshire,Consumer
5789,2024-07-05,London,Consumer
5790,2025-01-15,West Midlands,Consumer
5791,2023-06-30,Yorkshire,Consumer
5792,2023-08-09,Yorkshire,Small Business
5793,2024-02-19,South East,Consumer
5794,2023-12-22,Yorkshire,Consumer
5795,2024-03-15,South West,Consumer
5796,2025-12-10,South East,Consumer
5797,2025-05-22,East Midlands,Small Business
5798,2023-04-04,London,Small Business
5799,2024-06-28,East of England,Consumer
5800,2023-08-12,North West,Small Business
5801,2023-06-28,London,Consumer
5802,2023-12-30,East Midlands,Consumer
5803,2025-12-19,South East,Consumer
5804,2025-12-08,East Midlands,Consumer
5805,2023-09-27,East Midlands,Consumer
5806,2025-01-09,East of England,Consumer
5807,2025-11-19,Scotland,Consumer
5808,2024-12-14,South West,Consumer
5809,2023-10-08,Yorkshire,Consumer
5810,2025-05-26,South West,Consumer
5811,2024-10-26,Wales,Consumer
5812,2025-07-10,Scotland,Consumer
5813,2024-09-03,East of England,Consumer
5814,2024-11-22,Scotland,Consumer
5815,2024-07-26,Scotland,Consumer
5816,2025-05-14,Yorkshire,Consumer
5817,2024-10-11,Wales,Consumer
5818,2025-10-25,East of England,Consumer
5819,2023-09-01,South East,Consumer
5820,2025-05-26,Yorkshire,Consumer
5821,2023-01-13,London,Consumer
5822,2024-09-20,Yorkshire,Consumer
5823,2024-04-20,South East,Small Business
5824,2023-09-26,North East,Small Business
5825,2023-08-26,Yorkshire,Small Business
5826,2023-05-22,West Midlands,Consumer
5827,2024-11-27,East Midlands,Consumer
5828,2024-02-22,North East,Consumer
5829,2024-01-09,North East,Consumer
5830,2024-09-13,North West,Small Business
5831,2025-12-10,Wales,Consumer
5832,2025-10-01,East of England,Consumer
5833,2024-03-30,South West,Consumer
5834,2025-06-22,North West,Consumer
5835,2023-11-03,London,Consumer
5836,2025-11-21,East of England,Small Business
5837,2024-08-12,West Midlands,Small Business
5838,2023-05-23,Scotland,Consumer
5839,2023-12-21,Scotland,Consumer
5840,2023-08-05,East of England,Consumer
5841,2023-05-09,East of England,Consumer
5842,2023-10-21,North East,Consumer
5843,2024-09-16,Wales,Consumer
5844,2025-02-11,London,Small Business
5845,2025-11-30,West Midlands,Consumer
5846,2025-09-29,East of England,Consumer
5847,2025-08-06,Yorkshire,Consumer
5848,2023-12-05,East Midlands,Consumer
5849,2023-06-28,North East,Consumer
5850,2024-01-06,Yorkshire,Consumer
5851,2024-10-19,North West,Consumer
5852,2025-01-13,Scotland,Consumer
5853,2025-09-17,East of England,Consumer
5854,2023-03-08,Yorkshire,Consumer
5855,2023-07-04,Scotland,Consumer
5856,2025-07-17,South West,Small Business
5857,2024-05-08,South East,Consumer
5858,2024-01-08,East Midlands,Small Business
5859,2025-08-18,East of England,Consumer
5860,2024-03-16,West Midlands,Consumer
5861,2024-03-20,Wales,Consumer
5862,2024-01-17,London,Consumer
5863,2023-12-20,East of England,Consumer
5864,2024-03-14,South West,Small Business
5865,2023-07-26,South West,Consumer
5866,2023-06-04,North East,Consumer
5867,2023-10-22,West Midlands,Small Business
5868,2024-10-27,North East,Consumer
5869,2024-05-15,Wales,Small Business
5870,2024-02-21,Yorkshire,Consumer
5871,2024-09-22,North West,Consumer
5872,2025-09-28,North East,Consumer
5873,2025-10-06,West Midlands,Consumer
5874,2025-03-16,North West,Consumer
5875,2023-02-10,Wales,Consumer
5876,2024-06-03,Wales,Consumer
5877,2025-10-17,Wales,Consumer
5878,2023-08-27,East of England,Small Business
5879,2025-06-17,London,Consumer
5880,2023-12-24,East Midlands,Consumer
5881,2023-04-24,Yorkshire,Consumer
5882,2025-08-17,Scotland,Small Business
5883,2023-08-19,West Midlands,Consumer
5884,2024-10-31,East of England,Consumer
5885,2025-11-28,West Midlands,Consumer
5886,2023-02-27,North East,Consumer
5887,2023-07-21,East of England,Consumer
5888,2025-03-24,London,Consumer
5889,2023-12-21,London,Small Business
5890,2024-06-27,Scotland,Consumer
5891,2025-08-11,Scotland,Consumer
5892,2025-06-16,Yorkshire,Consumer
5893,2025-02-01,North East,Consumer
5894,2024-01-14,West Midlands,Consumer
5895,2025-03-18,London,Consumer
5896,2023-03-24,West Midlands,Consumer
5897,2024-09-10,West Midlands,Small Business
5898,2023-06-17,Wales,Small Business
5899,2024-10-18,South East,Consumer
5900,2024-12-11,East of England,Small Business
5901,2023-07-11,London,Consumer
5902,2023-12-09,Wales,Consumer
5903,2023-02-19,South East,Consumer
5904,2025-09-05,North West,Consumer
5905,2025-11-13,West Midlands,Consumer
5906,2024-02-07,London,Consumer
5907,2025-08-20,South East,Consumer
5908,2025-10-20,South East,Consumer
5909,2023-08-24,East of England,Consumer
5910,2023-11-06,East of England,Consumer
5911,2023-11-19,South East,Small Business
5912,2025-07-31,South West,Consumer
5913,2023-10-13,London,Consumer
5914,2023-07-02,South East,Consumer
5915,2025-04-04,South East,Consumer
5916,2024-01-06,London,Consumer
5917,2023-03-07,East Midlands,Consumer
5918,2024-12-03,North East,Consumer
5919,2025-12-19,East Midlands,Small Business
5920,2024-02-10,Wales,Consumer
5921,2024-03-14,London,Consumer
5922,2024-01-30,South West,Consumer
5923,2024-03-02,Scotland,Consumer
5924,2024-01-02,East Midlands,Consumer
5925,2024-09-09,Scotland,Consumer
5926,2024-07-31,East of England,Consumer
5927,2024-08-05,London,Consumer
5928,2025-03-19,North East,Consumer
5929,2024-11-21,London,Consumer
5930,2024-10-30,East of England,Consumer
5931,2024-08-10,South West,Consumer
5932,2024-02-01,Yorkshire,Small Business
5933,2024-12-17,South West,Small Business
5934,2023-05-16,North East,Consumer
5935,2024-03-15,North East,Consumer
5936,2024-12-08,East of England,Consumer
5937,2025-10-13,London,Consumer
5938,2024-04-13,East Midlands,Consumer
5939,2024-07-18,West Midlands,Consumer
5940,2025-01-05,Scotland,Consumer
5941,2025-01-20,South West,Consumer
5942,2023-09-24,West Midlands,Small Business
5943,2024-06-15,South East,Small Business
5944,2023-11-16,London,Consumer
5945,2025-09-13,London,Consumer
5946,2025-01-11,Wales,Consumer
5947,2024-04-17,Scotland,Consumer
5948,2023-05-04,East of England,Consumer
5949,2023-05-06,East Midlands,Consumer
5950,2023-06-24,South West,Consumer
5951,2023-02-15,South West,Consumer
5952,2023-09-17,North West,Consumer
5953,2023-08-08,Yorkshire,Consumer
5954,2023-11-21,North East,Consumer
5955,2023-01-16,West Midlands,Consumer
5956,2024-08-07,London,Consumer
5957,2023-09-13,London,Consumer
5958,2025-04-10,East Midlands,Consumer
5959,2025-07-13,Yorkshire,Consumer
5960,2024-09-23,Wales,Consumer
5961,2025-06-25,Wales,Consumer
5962,2024-12-13,Yorkshire,Consumer
5963,2023-12-20,West Midlands,Consumer
5964,2023-08-06,East of England,Small Business
5965,2024-05-29,East Midlands,Consumer
5966,2023-08-15,London,Consumer
5967,2023-08-31,Scotland,Consumer
5968,2024-02-29,London,Consumer
5969,2025-04-24,Scotland,Consumer
5970,2025-07-09,South West,Consumer
5971,2023-07-04,East Midlands,Consumer
5972,2025-11-23,London,Consumer
5973,2025-11-24,South East,Consumer
5974,2025-01-20,East Midlands,Consumer
5975,2023-03-04,South East,Small Business
5976,2023-05-05,East Midlands,Consumer
5977,2025-11-07,London,Consumer
5978,2023-07-28,West Midlands,Consumer
5979,2024-04-14,Yorkshire,Consumer
5980,2023-04-08,North West,Consumer
5981,2025-12-22,North West,Consumer
5982,2024-02-13,South West,Consumer
5983,2024-02-07,London,Consumer
5984,2025-06-10,East of England,Consumer
5985,2025-12-17,North East,Consumer
5986,2025-05-22,South West,Consumer
5987,2025-10-13,London,Consumer
5988,2023-01-12,Yorkshire,Consumer
5989,2024-02-15,Wales,Consumer
5990,2025-06-19,North West,Small Business
5991,2025-03-17,South West,Small Business
5992,2023-06-11,Yorkshire,Consumer
5993,2025-12-10,West Midlands,Small Business
5994,2025-08-30,London,Consumer
5995,2024-06-28,South West,Consumer
5996,2023-07-25,North West,Small Business
5997,2023-02-21,South East,Consumer
5998,2023-04-14,East Midlands,Consumer
5999,2025-08-15,South East,Small Business
6000,2023-03-18,London,Consumer
